reference_month,release_date,headline_cpi,previous_cpi,consensus,forecast,surprise,change_from_previous,meta_commentary,event_type,ivv_same_day_return,ivv_next_day_return,t0,t1,latest_reference_month,actual_jobs,consensus_jobs,previous_month_reference,original_value,revised_value,revision_change,revision_commentary,unemployment_rate,previous_unemployment_rate,actual_rate,previous_rate,change
,2018-10-05 00:00:00-04:00,,,,,-51K,,Sep jobs report showed 134K vs 185K expected. Significant downside surprise. Aug was revised up by 69K.,jobs,3.4625157933065864e-05,-0.0012071278248263,2018-10-07 00:00:00-04:00,2018-10-08 00:00:00-04:00,Sep,134K,185K,Aug,201K,270K,69K,Aug was revised up by 69K.,,,,,
Sep,2018-10-05 00:00:00-04:00,,,3.8%,3.8%,-0.1%,-0.2%,"Unemployment ticked down to 3.7% (vs 3.9% last month). Market expected 3.8%, positive surprise (-0.1pp vs forecast).",unemployment,3.4625157933065864e-05,-0.0012071278248263,2018-10-07 00:00:00-04:00,2018-10-08 00:00:00-04:00,,,,,,,,,3.7%,3.9%,,,
Sep,2018-10-11 00:00:00-04:00,2.3%,2.7%,2.4%,2.4%,-0.1pp,-0.4pp,Headline CPI declined to 2.3% (vs 2.7% last month). This was a positive surprise for markets (-0.1pp vs forecast).,cpi,0.0134874295088287,-0.0053948866017616,2018-10-11 00:00:00-04:00,2018-10-14 00:00:00-04:00,,,,,,,,,,,,,
,2018-11-02 00:00:00-04:00,,,,,57K,,Oct jobs report showed 250K vs 193K expected. Big upside surprise. Sep was revised down by 16K.,jobs,0.0061338163207473,0.0,2018-11-04 00:00:00-04:00,2018-11-04 00:00:00-04:00,Oct,250K,193K,Sep,134K,118K,-16K,Sep was revised down by 16K.,,,,,
Oct,2018-11-02 00:00:00-04:00,,,3.7%,3.7%,+0.0%,+0.0%,"Unemployment was unchanged to 3.7% (vs 3.7% last month). Market expected 3.7%, in line with expectations.",unemployment,0.0061338163207473,0.0,2018-11-04 00:00:00-04:00,2018-11-04 00:00:00-04:00,,,,,,,,,3.7%,3.7%,,,
,2018-11-08 00:00:00-05:00,,,,2.25%,+0.00%,,"The Federal Reserve held rates steady to 2.25% (vs 2.25% previously). Market expected 2.25%, in line with expectations.",fed,-0.0090612930651634,-0.0194673542012721,2018-11-08 00:00:00-05:00,2018-11-11 00:00:00-05:00,,,,,,,,,,,2.25%,2.25%,+0.00%
Oct,2018-11-14 00:00:00-05:00,2.5%,2.3%,2.5%,2.5%,+0.0pp,+0.2pp,Headline CPI rose to 2.5% (vs 2.3% last month). CPI was exactly in line with expectations.,cpi,0.0101026243391233,0.0028366875189227,2018-11-14 00:00:00-05:00,2018-11-15 00:00:00-05:00,,,,,,,,,,,,,
Nov,2018-12-07 00:00:00-05:00,,,3.7%,3.7%,+0.0%,+0.0%,"Unemployment was unchanged to 3.7% (vs 3.7% last month). Market expected 3.7%, in line with expectations.",unemployment,0.001505706662964,0.0001878661810001,2018-12-09 00:00:00-05:00,2018-12-10 00:00:00-05:00,,,,,,,,,3.7%,3.7%,,,
,2018-12-07 00:00:00-05:00,,,,,-45K,,Nov jobs report showed 155K vs 200K expected. Slight downside miss. Oct was revised down by 13K.,jobs,0.001505706662964,0.0001878661810001,2018-12-09 00:00:00-05:00,2018-12-10 00:00:00-05:00,Nov,155K,200K,Oct,250K,237K,-13K,Oct was revised down by 13K.,,,,,
Nov,2018-12-12 00:00:00-05:00,2.2%,2.5%,2.2%,2.2%,+0.0pp,-0.3pp,Headline CPI declined to 2.2% (vs 2.5% last month). CPI was exactly in line with expectations.,cpi,-0.0009344814330136,-0.0181113089022896,2018-12-12 00:00:00-05:00,2018-12-13 00:00:00-05:00,,,,,,,,,,,,,
,2018-12-19 00:00:00-05:00,,,,2.50%,+0.00%,,"The Federal Reserve raised rates to 2.50% (vs 2.25% previously). Market expected 2.50%, in line with expectations.",fed,-0.017121126136632,-0.0205308142002076,2018-12-19 00:00:00-05:00,2018-12-20 00:00:00-05:00,,,,,,,,,,,2.50%,2.25%,+0.25%
,2019-01-04 00:00:00-05:00,,,,,134K,,Dec jobs report showed 312K vs 178K expected. Big upside surprise. Nov was revised up by 21K.,jobs,0.0067308276967779,0.0098526504664013,2019-01-06 00:00:00-05:00,2019-01-07 00:00:00-05:00,Dec,312K,178K,Nov,155K,176K,21K,Nov was revised up by 21K.,,,,,
Dec,2019-01-04 00:00:00-05:00,,,3.7%,3.7%,+0.2%,+0.2%,"Unemployment ticked up to 3.9% (vs 3.7% last month). Market expected 3.7%, negative surprise (+0.2pp vs forecast).",unemployment,0.0067308276967779,0.0098526504664013,2019-01-06 00:00:00-05:00,2019-01-07 00:00:00-05:00,,,,,,,,,3.9%,3.7%,,,
Dec,2019-01-11 00:00:00-05:00,1.9%,2.2%,1.9%,1.9%,+0.0pp,-0.3pp,Headline CPI declined to 1.9% (vs 2.2% last month). CPI was exactly in line with expectations.,cpi,-0.0048394203011816,0.0108063248835847,2019-01-13 00:00:00-05:00,2019-01-14 00:00:00-05:00,,,,,,,,,,,,,
,2019-01-30 00:00:00-05:00,,,,2.50%,+0.00%,,"The Federal Reserve held rates steady to 2.50% (vs 2.50% previously). Market expected 2.50%, in line with expectations.",fed,0.0086168590254527,0.0005525850319958,2019-01-30 00:00:00-05:00,2019-01-31 00:00:00-05:00,,,,,,,,,,,2.50%,2.50%,+0.00%
Jan,2019-02-01 00:00:00-05:00,,,3.9%,3.9%,+0.1%,+0.1%,"Unemployment ticked up to 4.0% (vs 3.9% last month). Market expected 3.9%, negative surprise (+0.1pp vs forecast).",unemployment,0.0071772040047748,0.0042754617890361,2019-02-03 00:00:00-05:00,2019-02-04 00:00:00-05:00,,,,,,,,,4.0%,3.9%,,,
,2019-02-01 00:00:00-05:00,,,,,139K,,Jan jobs report showed 304K vs 165K expected. Big upside surprise. Dec was revised down by 90K.,jobs,0.0071772040047748,0.0042754617890361,2019-02-03 00:00:00-05:00,2019-02-04 00:00:00-05:00,Jan,304K,165K,Dec,312K,222K,-90K,Dec was revised down by 90K.,,,,,
Jan,2019-02-13 00:00:00-05:00,1.6%,1.9%,1.5%,1.5%,+0.1pp,-0.3pp,Headline CPI declined to 1.6% (vs 1.9% last month). This was a negative surprise for markets (+0.1pp vs forecast).,cpi,-0.0022768987937241,0.011339089887189,2019-02-13 00:00:00-05:00,2019-02-14 00:00:00-05:00,,,,,,,,,,,,,
Feb,2019-03-08 00:00:00-05:00,,,3.9%,3.9%,-0.1%,-0.2%,"Unemployment ticked down to 3.8% (vs 4.0% last month). Market expected 3.9%, positive surprise (-0.1pp vs forecast).",unemployment,0.0145183747912349,0.0035331121469452,2019-03-10 00:00:00-05:00,2019-03-11 00:00:00-04:00,,,,,,,,,3.8%,4.0%,,,
,2019-03-08 00:00:00-05:00,,,,,-161K,,Feb jobs report showed 20K vs 181K expected. Significant downside surprise. Jan was revised up by 7K.,jobs,0.0145183747912349,0.0035331121469452,2019-03-10 00:00:00-05:00,2019-03-11 00:00:00-04:00,Feb,20K,181K,Jan,304K,311K,7K,Jan was revised up by 7K.,,,,,
Feb,2019-03-12 00:00:00-04:00,1.5%,1.6%,1.6%,1.6%,-0.1pp,-0.1pp,Headline CPI declined to 1.5% (vs 1.6% last month). This was a positive surprise for markets (-0.1pp vs forecast).,cpi,0.0069343085060835,-0.0004943735735855,2019-03-12 00:00:00-04:00,2019-03-13 00:00:00-04:00,,,,,,,,,,,,,
,2019-03-20 00:00:00-04:00,,,,2.50%,+0.00%,,"The Federal Reserve held rates steady to 2.50% (vs 2.50% previously). Market expected 2.50%, in line with expectations.",fed,0.0112216523379744,-0.0188788793697409,2019-03-20 00:00:00-04:00,2019-03-21 00:00:00-04:00,,,,,,,,,,,2.50%,2.50%,+0.00%
,2019-04-05 00:00:00-04:00,,,,,21K,,Mar jobs report showed 196K vs 175K expected. Slight upside beat. Feb was revised up by 13K.,jobs,0.001101389728209,-0.0051588705830525,2019-04-07 00:00:00-04:00,2019-04-08 00:00:00-04:00,Mar,196K,175K,Feb,20K,33K,13K,Feb was revised up by 13K.,,,,,
Mar,2019-04-05 00:00:00-04:00,,,3.8%,3.8%,+0.0%,+0.0%,"Unemployment was unchanged to 3.8% (vs 3.8% last month). Market expected 3.8%, in line with expectations.",unemployment,0.001101389728209,-0.0051588705830525,2019-04-07 00:00:00-04:00,2019-04-08 00:00:00-04:00,,,,,,,,,3.8%,3.8%,,,
Mar,2019-04-10 00:00:00-04:00,1.9%,1.5%,1.8%,1.8%,+0.1pp,+0.4pp,Headline CPI rose to 1.9% (vs 1.5% last month). This was a negative surprise for markets (+0.1pp vs forecast).,cpi,-6.89059951125559e-05,0.0067541840869029,2019-04-10 00:00:00-04:00,2019-04-11 00:00:00-04:00,,,,,,,,,,,,,
,2019-05-01 00:00:00-04:00,,,,2.50%,+0.00%,,"The Federal Reserve held rates steady to 2.50% (vs 2.50% previously). Market expected 2.50%, in line with expectations.",fed,-0.0018379062149284,0.0093768156608624,2019-05-01 00:00:00-04:00,2019-05-02 00:00:00-04:00,,,,,,,,,,,2.50%,2.50%,+0.00%
,2019-05-03 00:00:00-04:00,,,,,82K,,Apr jobs report showed 263K vs 181K expected. Big upside surprise. Mar was revised down by 7K.,jobs,-0.0037493655007705,-0.0169212668876757,2019-05-05 00:00:00-04:00,2019-05-06 00:00:00-04:00,Apr,263K,181K,Mar,196K,189K,-7K,Mar was revised down by 7K.,,,,,
Apr,2019-05-03 00:00:00-04:00,,,3.8%,3.8%,-0.2%,-0.2%,"Unemployment ticked down to 3.6% (vs 3.8% last month). Market expected 3.8%, positive surprise (-0.2pp vs forecast).",unemployment,-0.0037493655007705,-0.0169212668876757,2019-05-05 00:00:00-04:00,2019-05-06 00:00:00-04:00,,,,,,,,,3.6%,3.8%,,,
Apr,2019-05-10 00:00:00-04:00,2.0%,1.9%,2.1%,2.1%,-0.1pp,+0.1pp,Headline CPI rose to 2.0% (vs 1.9% last month). This was a positive surprise for markets (-0.1pp vs forecast).,cpi,-0.0248273626388091,0.0089108476261718,2019-05-12 00:00:00-04:00,2019-05-13 00:00:00-04:00,,,,,,,,,,,,,
,2019-06-07 00:00:00-04:00,,,,,-110K,,May jobs report showed 75K vs 185K expected. Significant downside surprise. Apr was revised down by 39K.,jobs,0.0045912979795652,-0.0001716871518807,2019-06-09 00:00:00-04:00,2019-06-10 00:00:00-04:00,May,75K,185K,Apr,263K,224K,-39K,Apr was revised down by 39K.,,,,,
May,2019-06-07 00:00:00-04:00,,,3.6%,3.6%,+0.0%,+0.0%,"Unemployment was unchanged to 3.6% (vs 3.6% last month). Market expected 3.6%, in line with expectations.",unemployment,0.0045912979795652,-0.0001716871518807,2019-06-09 00:00:00-04:00,2019-06-10 00:00:00-04:00,,,,,,,,,3.6%,3.6%,,,
May,2019-06-12 00:00:00-04:00,1.8%,2.0%,1.9%,1.9%,-0.1pp,-0.2pp,Headline CPI declined to 1.8% (vs 2.0% last month). This was a positive surprise for markets (-0.1pp vs forecast).,cpi,0.0045816093048141,-0.0012687569668402,2019-06-12 00:00:00-04:00,2019-06-13 00:00:00-04:00,,,,,,,,,,,,,
,2019-06-19 00:00:00-04:00,,,,2.50%,+0.00%,,"The Federal Reserve held rates steady to 2.50% (vs 2.50% previously). Market expected 2.50%, in line with expectations.",fed,0.0094801570572848,-0.0015198018269152,2019-06-19 00:00:00-04:00,2019-06-20 00:00:00-04:00,,,,,,,,,,,2.50%,2.50%,+0.00%
,2019-07-05 00:00:00-04:00,,,,,64K,,Jun jobs report showed 224K vs 160K expected. Big upside surprise. May was revised down by 3K.,jobs,-0.0051655407461506,0.0016082467827192,2019-07-07 00:00:00-04:00,2019-07-08 00:00:00-04:00,Jun,224K,160K,May,75K,72K,-3K,May was revised down by 3K.,,,,,
Jun,2019-07-05 00:00:00-04:00,,,3.6%,3.6%,+0.1%,+0.1%,"Unemployment ticked up to 3.7% (vs 3.6% last month). Market expected 3.6%, negative surprise (+0.1pp vs forecast).",unemployment,-0.0051655407461506,0.0016082467827192,2019-07-07 00:00:00-04:00,2019-07-08 00:00:00-04:00,,,,,,,,,3.7%,3.6%,,,
Jun,2019-07-11 00:00:00-04:00,1.6%,1.8%,1.6%,1.6%,+0.0pp,-0.2pp,Headline CPI declined to 1.6% (vs 1.8% last month). CPI was exactly in line with expectations.,cpi,0.0051839843055754,-9.933795415761892e-05,2019-07-11 00:00:00-04:00,2019-07-14 00:00:00-04:00,,,,,,,,,,,,,
,2019-07-31 00:00:00-04:00,,,,2.25%,+0.00%,,"The Federal Reserve cut rates to 2.25% (vs 2.50% previously). Market expected 2.25%, in line with expectations.",fed,-0.0090564438972509,-0.0070823350033906,2019-07-31 00:00:00-04:00,2019-08-01 00:00:00-04:00,,,,,,,,,,,2.25%,2.50%,-0.25%
,2019-08-02 00:00:00-04:00,,,,,0K,,Jul jobs report showed 164K vs 164K expected. Jun was revised down by 31K.,jobs,-0.0300591279811587,0.0133417810156641,2019-08-04 00:00:00-04:00,2019-08-05 00:00:00-04:00,Jul,164K,164K,Jun,224K,193K,-31K,Jun was revised down by 31K.,,,,,
Jul,2019-08-02 00:00:00-04:00,,,3.7%,3.7%,+0.0%,+0.0%,"Unemployment was unchanged to 3.7% (vs 3.7% last month). Market expected 3.7%, in line with expectations.",unemployment,-0.0300591279811587,0.0133417810156641,2019-08-04 00:00:00-04:00,2019-08-05 00:00:00-04:00,,,,,,,,,3.7%,3.7%,,,
Jul,2019-08-13 00:00:00-04:00,1.8%,1.6%,1.7%,1.7%,+0.1pp,+0.2pp,Headline CPI rose to 1.8% (vs 1.6% last month). This was a negative surprise for markets (+0.1pp vs forecast).,cpi,-0.0294954588144452,0.00259105273905,2019-08-13 00:00:00-04:00,2019-08-14 00:00:00-04:00,,,,,,,,,,,,,
,2019-09-06 00:00:00-04:00,,,,,-30K,,Aug jobs report showed 130K vs 160K expected. Slight downside miss. Jul was revised down by 5K.,jobs,0.000466719265898,-6.659510956852355e-05,2019-09-08 00:00:00-04:00,2019-09-09 00:00:00-04:00,Aug,130K,160K,Jul,164K,159K,-5K,Jul was revised down by 5K.,,,,,
Aug,2019-09-06 00:00:00-04:00,,,3.7%,3.7%,+0.0%,+0.0%,"Unemployment was unchanged to 3.7% (vs 3.7% last month). Market expected 3.7%, in line with expectations.",unemployment,0.000466719265898,-6.659510956852355e-05,2019-09-08 00:00:00-04:00,2019-09-09 00:00:00-04:00,,,,,,,,,3.7%,3.7%,,,
Aug,2019-09-12 00:00:00-04:00,1.7%,1.8%,1.8%,1.8%,-0.1pp,-0.1pp,Headline CPI declined to 1.7% (vs 1.8% last month). This was a positive surprise for markets (-0.1pp vs forecast).,cpi,-0.0006930149718262,-0.002938709668122,2019-09-12 00:00:00-04:00,2019-09-15 00:00:00-04:00,,,,,,,,,,,,,
,2019-09-18 00:00:00-04:00,,,,2.00%,+0.00%,,"The Federal Reserve cut rates to 2.00% (vs 2.25% previously). Market expected 2.00%, in line with expectations.",fed,-0.0001318888073172,-0.0055135684929061,2019-09-18 00:00:00-04:00,2019-09-19 00:00:00-04:00,,,,,,,,,,,2.00%,2.25%,-0.25%
Sep,2019-10-04 00:00:00-04:00,,,3.7%,3.7%,-0.2%,-0.2%,"Unemployment ticked down to 3.5% (vs 3.7% last month). Market expected 3.7%, positive surprise (-0.2pp vs forecast).",unemployment,-0.004492841801159,-0.0154738893492941,2019-10-06 00:00:00-04:00,2019-10-07 00:00:00-04:00,,,,,,,,,3.5%,3.7%,,,
,2019-10-04 00:00:00-04:00,,,,,-4K,,Sep jobs report showed 136K vs 140K expected. Slight downside miss. Aug was revised up by 38K.,jobs,-0.004492841801159,-0.0154738893492941,2019-10-06 00:00:00-04:00,2019-10-07 00:00:00-04:00,Sep,136K,140K,Aug,130K,168K,38K,Aug was revised up by 38K.,,,,,
Sep,2019-10-10 00:00:00-04:00,1.7%,1.7%,1.8%,1.8%,-0.1pp,+0.0pp,Headline CPI remained flat to 1.7% (vs 1.7% last month). This was a positive surprise for markets (-0.1pp vs forecast).,cpi,0.0099672459145743,-0.0006712265209505,2019-10-10 00:00:00-04:00,2019-10-13 00:00:00-04:00,,,,,,,,,,,,,
,2019-10-30 00:00:00-04:00,,,,1.75%,+0.00%,,"The Federal Reserve cut rates to 1.75% (vs 2.00% previously). Market expected 1.75%, in line with expectations.",fed,-0.0029424254962004,0.0097714470818814,2019-10-30 00:00:00-04:00,2019-10-31 00:00:00-04:00,,,,,,,,,,,1.75%,2.00%,-0.25%
Oct,2019-11-01 00:00:00-04:00,,,3.6%,3.6%,+0.0%,+0.1%,"Unemployment ticked up to 3.6% (vs 3.5% last month). Market expected 3.6%, in line with expectations.",unemployment,0.0037671284519851,0.0,2019-11-03 00:00:00-04:00,2019-11-03 00:00:00-04:00,,,,,,,,,3.6%,3.5%,,,
,2019-11-01 00:00:00-04:00,,,,,39K,,Oct jobs report showed 128K vs 89K expected. Slight upside beat. Sep was revised up by 44K.,jobs,0.0037671284519851,0.0,2019-11-03 00:00:00-04:00,2019-11-03 00:00:00-04:00,Oct,128K,89K,Sep,136K,180K,44K,Sep was revised up by 44K.,,,,,
Oct,2019-11-13 00:00:00-05:00,1.8%,1.7%,1.7%,1.7%,+0.1pp,+0.1pp,Headline CPI rose to 1.8% (vs 1.7% last month). This was a negative surprise for markets (+0.1pp vs forecast).,cpi,0.0014155161679545,0.0074201236672968,2019-11-13 00:00:00-05:00,2019-11-14 00:00:00-05:00,,,,,,,,,,,,,
,2019-12-06 00:00:00-05:00,,,,,80K,,Nov jobs report showed 266K vs 186K expected. Big upside surprise. Oct was revised up by 28K.,jobs,-0.0029687450871737,-0.0010450172255876,2019-12-08 00:00:00-05:00,2019-12-09 00:00:00-05:00,Nov,266K,186K,Oct,128K,156K,28K,Oct was revised up by 28K.,,,,,
Nov,2019-12-06 00:00:00-05:00,,,3.6%,3.6%,-0.1%,-0.1%,"Unemployment ticked down to 3.5% (vs 3.6% last month). Market expected 3.6%, positive surprise (-0.1pp vs forecast).",unemployment,-0.0029687450871737,-0.0010450172255876,2019-12-08 00:00:00-05:00,2019-12-09 00:00:00-05:00,,,,,,,,,3.5%,3.6%,,,
,2019-12-11 00:00:00-05:00,,,,1.75%,+0.00%,,"The Federal Reserve held rates steady to 1.75% (vs 1.75% previously). Market expected 1.75%, in line with expectations.",fed,0.0088559667511862,0.0003445933306422,2019-12-11 00:00:00-05:00,2019-12-12 00:00:00-05:00,,,,,,,,,,,1.75%,1.75%,+0.00%
Nov,2019-12-11 00:00:00-05:00,2.1%,1.8%,2.0%,2.0%,+0.1pp,+0.3pp,Headline CPI rose to 2.1% (vs 1.8% last month). This was a negative surprise for markets (+0.1pp vs forecast).,cpi,0.0088559667511862,0.0003445933306422,2019-12-11 00:00:00-05:00,2019-12-12 00:00:00-05:00,,,,,,,,,,,,,
,2020-01-10 00:00:00-05:00,,,,,-19K,,Dec jobs report showed 145K vs 164K expected. Slight downside miss. Nov was revised down by 10K.,jobs,0.0070001979704326,-0.0015482677639667,2020-01-12 00:00:00-05:00,2020-01-13 00:00:00-05:00,Dec,145K,164K,Nov,266K,256K,-10K,Nov was revised down by 10K.,,,,,
Dec,2020-01-10 00:00:00-05:00,,,3.5%,3.5%,+0.0%,+0.0%,"Unemployment was unchanged to 3.5% (vs 3.5% last month). Market expected 3.5%, in line with expectations.",unemployment,0.0070001979704326,-0.0015482677639667,2020-01-12 00:00:00-05:00,2020-01-13 00:00:00-05:00,,,,,,,,,3.5%,3.5%,,,
Dec,2020-01-14 00:00:00-05:00,2.3%,2.1%,2.3%,2.3%,+0.0pp,+0.2pp,Headline CPI rose to 2.3% (vs 2.1% last month). CPI was exactly in line with expectations.,cpi,0.0022499580920831,0.0083115134413991,2020-01-14 00:00:00-05:00,2020-01-15 00:00:00-05:00,,,,,,,,,,,,,
,2020-01-29 00:00:00-05:00,,,,1.75%,+0.00%,,"The Federal Reserve held rates steady to 1.75% (vs 1.75% previously). Market expected 1.75%, in line with expectations.",fed,0.0030170191446152,-0.0177759208727112,2020-01-29 00:00:00-05:00,2020-01-30 00:00:00-05:00,,,,,,,,,,,1.75%,1.75%,+0.00%
,2020-02-07 00:00:00-05:00,,,,,65K,,Jan jobs report showed 225K vs 160K expected. Big upside surprise. Dec was revised up by 2K.,jobs,0.007400838521002,0.0018442934519684,2020-02-09 00:00:00-05:00,2020-02-10 00:00:00-05:00,Jan,225K,160K,Dec,145K,147K,2K,Dec was revised up by 2K.,,,,,
Jan,2020-02-07 00:00:00-05:00,,,3.5%,3.5%,+0.1%,+0.1%,"Unemployment ticked up to 3.6% (vs 3.5% last month). Market expected 3.5%, negative surprise (+0.1pp vs forecast).",unemployment,0.007400838521002,0.0018442934519684,2020-02-09 00:00:00-05:00,2020-02-10 00:00:00-05:00,,,,,,,,,3.6%,3.5%,,,
Jan,2020-02-13 00:00:00-05:00,2.5%,2.3%,2.4%,2.4%,+0.1pp,+0.2pp,Headline CPI rose to 2.5% (vs 2.3% last month). This was a negative surprise for markets (+0.1pp vs forecast).,cpi,0.001447503204037,-0.0023890790997334,2020-02-13 00:00:00-05:00,2020-02-17 00:00:00-05:00,,,,,,,,,,,,,
,2020-03-03 00:00:00-05:00,,,,,,,The Federal Reserve cut rates to 1.25% (vs 1.75% previously).,fed,0.0439465087678541,-0.0349162006754232,2020-03-03 00:00:00-05:00,2020-03-04 00:00:00-05:00,,,,,,,,,,,1.25%,1.75%,-0.50%
,2020-03-06 00:00:00-05:00,,,,,98K,,Feb jobs report showed 273K vs 175K expected. Big upside surprise. Jan was revised up by 48K.,jobs,-0.0800134137044272,0.053675229699025,2020-03-08 00:00:00-05:00,2020-03-09 00:00:00-04:00,Feb,273K,175K,Jan,225K,273K,48K,Jan was revised up by 48K.,,,,,
Feb,2020-03-06 00:00:00-05:00,,,3.6%,3.6%,-0.1%,-0.1%,"Unemployment ticked down to 3.5% (vs 3.6% last month). Market expected 3.6%, positive surprise (-0.1pp vs forecast).",unemployment,-0.0800134137044272,0.053675229699025,2020-03-08 00:00:00-05:00,2020-03-09 00:00:00-04:00,,,,,,,,,3.5%,3.6%,,,
Feb,2020-03-11 00:00:00-04:00,2.3%,2.5%,2.2%,2.2%,+0.1pp,-0.2pp,Headline CPI declined to 2.3% (vs 2.5% last month). This was a negative surprise for markets (+0.1pp vs forecast).,cpi,-0.0962353742458991,0.0907374815421442,2020-03-11 00:00:00-04:00,2020-03-12 00:00:00-04:00,,,,,,,,,,,,,
,2020-03-15 00:00:00-04:00,,,,,,,The Federal Reserve cut rates to 0.25% (vs 1.25% previously).,fed,-0.1157431870317412,0.0635934549987966,2020-03-15 00:00:00-04:00,2020-03-16 00:00:00-04:00,,,,,,,,,,,0.25%,1.25%,-1.00%
Mar,2020-04-03 00:00:00-04:00,,,3.8%,3.8%,+0.6%,+0.9%,"Unemployment ticked up to 4.4% (vs 3.5% last month). Market expected 3.8%, negative surprise (+0.6pp vs forecast).",unemployment,0.0673839016567829,0.0004139091597847,2020-04-05 00:00:00-04:00,2020-04-06 00:00:00-04:00,,,,,,,,,4.4%,3.5%,,,
,2020-04-03 00:00:00-04:00,,,,,-601K,,Mar jobs report showed -701K vs -100K expected. Significant downside surprise. Feb was revised up by 2K.,jobs,0.0673839016567829,0.0004139091597847,2020-04-05 00:00:00-04:00,2020-04-06 00:00:00-04:00,Mar,-701K,-100K,Feb,273K,275K,2K,Feb was revised up by 2K.,,,,,
Mar,2020-04-10 00:00:00-04:00,1.5%,2.3%,1.6%,1.6%,-0.1pp,-0.8pp,Headline CPI declined to 1.5% (vs 2.3% last month). This was a positive surprise for markets (-0.1pp vs forecast).,cpi,-0.0096017066338891,0.0303506300046336,2020-04-12 00:00:00-04:00,2020-04-13 00:00:00-04:00,,,,,,,,,,,,,
,2020-04-29 00:00:00-04:00,,,,0.25%,+0.00%,,"The Federal Reserve held rates steady to 0.25% (vs 0.25% previously). Market expected 0.25%, in line with expectations.",fed,-0.0100975683670013,-0.0262053034666821,2020-04-29 00:00:00-04:00,2020-04-30 00:00:00-04:00,,,,,,,,,,,0.25%,0.25%,+0.00%
Apr,2020-05-08 00:00:00-04:00,,,16.0%,16.0%,-1.3%,+10.3%,"Unemployment ticked up to 14.7% (vs 4.4% last month). Market expected 16.0%, positive surprise (-1.3pp vs forecast).",unemployment,-3.406103670333671e-05,-0.0203781870637397,2020-05-10 00:00:00-04:00,2020-05-11 00:00:00-04:00,,,,,,,,,14.7%,4.4%,,,
,2020-05-08 00:00:00-04:00,,,,,1463K,,Apr jobs report showed -20537K vs -22000K expected. Big upside surprise. Mar was sharply revised down by 169K.,jobs,-3.406103670333671e-05,-0.0203781870637397,2020-05-10 00:00:00-04:00,2020-05-11 00:00:00-04:00,Apr,"-20,537K","-22,000K",Mar,-701K,-870K,-169K,Mar was sharply revised down by 169K.,,,,,
Apr,2020-05-12 00:00:00-04:00,0.3%,1.5%,0.4%,0.4%,-0.1pp,-1.2pp,Headline CPI declined to 0.3% (vs 1.5% last month). This was a positive surprise for markets (-0.1pp vs forecast).,cpi,-0.0171493299800394,0.011962719394263,2020-05-12 00:00:00-04:00,2020-05-13 00:00:00-04:00,,,,,,,,,,,,,
May,2020-06-05 00:00:00-04:00,,,19.7%,19.7%,-6.4%,-1.4%,"Unemployment ticked down to 13.3% (vs 14.7% last month). Market expected 19.7%, positive surprise (-6.4pp vs forecast).",unemployment,0.0122314580084876,-0.0073674239438989,2020-06-07 00:00:00-04:00,2020-06-08 00:00:00-04:00,,,,,,,,,13.3%,14.7%,,,
,2020-06-05 00:00:00-04:00,,,,,10509K,,May jobs report showed 2509K vs -8000K expected. Big upside surprise. Apr was sharply revised down by 150K.,jobs,0.0122314580084876,-0.0073674239438989,2020-06-07 00:00:00-04:00,2020-06-08 00:00:00-04:00,May,"2,509K","-8,000K",Apr,"-20,537K","-20,687K",-150K,Apr was sharply revised down by 150K.,,,,,
May,2020-06-10 00:00:00-04:00,0.1%,0.3%,0.2%,0.2%,-0.1pp,-0.2pp,Headline CPI declined to 0.1% (vs 0.3% last month). This was a positive surprise for markets (-0.1pp vs forecast).,cpi,-0.0578552340763286,0.0125003226778896,2020-06-10 00:00:00-04:00,2020-06-11 00:00:00-04:00,,,,,,,,,,,,,
,2020-06-10 00:00:00-04:00,,,,0.25%,+0.00%,,"The Federal Reserve held rates steady to 0.25% (vs 0.25% previously). Market expected 0.25%, in line with expectations.",fed,-0.0578552340763286,0.0125003226778896,2020-06-10 00:00:00-04:00,2020-06-11 00:00:00-04:00,,,,,,,,,,,0.25%,0.25%,+0.00%
,2020-07-02 00:00:00-04:00,,,,,1800K,,Jun jobs report showed 4800K vs 3000K expected. Big upside surprise. May was revised up by 190K.,jobs,0.0153451926829892,-0.0103059847278601,2020-07-05 00:00:00-04:00,2020-07-06 00:00:00-04:00,Jun,"4,800K","3,000K",May,"2,509K","2,699K",190K,May was revised up by 190K.,,,,,
Jun,2020-07-02 00:00:00-04:00,,,12.3%,12.3%,-1.2%,-2.2%,"Unemployment ticked down to 11.1% (vs 13.3% last month). Market expected 12.3%, positive surprise (-1.2pp vs forecast).",unemployment,0.0153451926829892,-0.0103059847278601,2020-07-05 00:00:00-04:00,2020-07-06 00:00:00-04:00,,,,,,,,,11.1%,13.3%,,,
Jun,2020-07-14 00:00:00-04:00,0.6%,0.1%,0.6%,0.6%,+0.0pp,+0.5pp,Headline CPI rose to 0.6% (vs 0.1% last month). CPI was exactly in line with expectations.,cpi,0.0093384621509593,-0.0034654823159656,2020-07-14 00:00:00-04:00,2020-07-15 00:00:00-04:00,,,,,,,,,,,,,
,2020-07-29 00:00:00-04:00,,,,0.25%,+0.00%,,"The Federal Reserve held rates steady to 0.25% (vs 0.25% previously). Market expected 0.25%, in line with expectations.",fed,-0.0034316942068858,0.0078706953583855,2020-07-29 00:00:00-04:00,2020-07-30 00:00:00-04:00,,,,,,,,,,,0.25%,0.25%,+0.00%
Jul,2020-08-07 00:00:00-04:00,,,10.5%,10.5%,-0.3%,-0.9%,"Unemployment ticked down to 10.2% (vs 11.1% last month). Market expected 10.5%, positive surprise (-0.3pp vs forecast).",unemployment,0.0030062450335153,-0.0083688967735318,2020-08-09 00:00:00-04:00,2020-08-10 00:00:00-04:00,,,,,,,,,10.2%,11.1%,,,
,2020-08-07 00:00:00-04:00,,,,,163K,,Jul jobs report showed 1763K vs 1600K expected. Big upside surprise. Jun was revised down by 9K.,jobs,0.0030062450335153,-0.0083688967735318,2020-08-09 00:00:00-04:00,2020-08-10 00:00:00-04:00,Jul,"1,763K","1,600K",Jun,"4,800K","4,791K",-9K,Jun was revised down by 9K.,,,,,
Jul,2020-08-12 00:00:00-04:00,1.0%,0.6%,0.8%,0.8%,+0.2pp,+0.4pp,Headline CPI rose to 1.0% (vs 0.6% last month). This was a negative surprise for markets (+0.2pp vs forecast).,cpi,-0.0017120478287362,-8.858548790979803e-05,2020-08-12 00:00:00-04:00,2020-08-13 00:00:00-04:00,,,,,,,,,,,,,
,2020-09-04 00:00:00-04:00,,,,,-29K,,Aug jobs report showed 1371K vs 1400K expected. Slight downside miss. Jul was revised down by 29K.,jobs,-0.0271818665689697,0.0195737897985306,2020-09-07 00:00:00-04:00,2020-09-08 00:00:00-04:00,Aug,"1,371K","1,400K",Jul,"1,763K","1,734K",-29K,Jul was revised down by 29K.,,,,,
Aug,2020-09-04 00:00:00-04:00,,,9.8%,9.8%,-1.4%,-1.8%,"Unemployment ticked down to 8.4% (vs 10.2% last month). Market expected 9.8%, positive surprise (-1.4pp vs forecast).",unemployment,-0.0271818665689697,0.0195737897985306,2020-09-07 00:00:00-04:00,2020-09-08 00:00:00-04:00,,,,,,,,,8.4%,10.2%,,,
Aug,2020-09-11 00:00:00-04:00,1.3%,1.0%,1.2%,1.2%,+0.1pp,+0.3pp,Headline CPI rose to 1.3% (vs 1.0% last month). This was a negative surprise for markets (+0.1pp vs forecast).,cpi,0.0132985655855131,0.0050903595123803,2020-09-13 00:00:00-04:00,2020-09-14 00:00:00-04:00,,,,,,,,,,,,,
,2020-09-16 00:00:00-04:00,,,,0.25%,+0.00%,,"The Federal Reserve held rates steady to 0.25% (vs 0.25% previously). Market expected 0.25%, in line with expectations.",fed,-0.0085831808089018,-0.0117109141640854,2020-09-16 00:00:00-04:00,2020-09-17 00:00:00-04:00,,,,,,,,,,,0.25%,0.25%,+0.00%
,2020-10-02 00:00:00-04:00,,,,,-189K,,Sep jobs report showed 661K vs 850K expected. Significant downside surprise. Aug was revised up by 118K.,jobs,0.0174600514378397,-0.0141975169478882,2020-10-04 00:00:00-04:00,2020-10-05 00:00:00-04:00,Sep,661K,850K,Aug,"1,371K","1,489K",118K,Aug was revised up by 118K.,,,,,
Sep,2020-10-02 00:00:00-04:00,,,8.2%,8.2%,-0.3%,-0.5%,"Unemployment ticked down to 7.9% (vs 8.4% last month). Market expected 8.2%, positive surprise (-0.3pp vs forecast).",unemployment,0.0174600514378397,-0.0141975169478882,2020-10-04 00:00:00-04:00,2020-10-05 00:00:00-04:00,,,,,,,,,7.9%,8.4%,,,
Sep,2020-10-13 00:00:00-04:00,1.4%,1.3%,1.4%,1.4%,+0.0pp,+0.1pp,Headline CPI rose to 1.4% (vs 1.3% last month). CPI was exactly in line with expectations.,cpi,-0.0062609915433057,-0.0012312977974314,2020-10-13 00:00:00-04:00,2020-10-14 00:00:00-04:00,,,,,,,,,,,,,
,2020-11-05 00:00:00-05:00,,,,0.25%,+0.00%,,"The Federal Reserve held rates steady to 0.25% (vs 0.25% previously). Market expected 0.25%, in line with expectations.",fed,-8.541862243205411e-05,0.0124912608260834,2020-11-05 00:00:00-05:00,2020-11-08 00:00:00-05:00,,,,,,,,,,,0.25%,0.25%,+0.00%
,2020-11-06 00:00:00-05:00,,,,,38K,,Oct jobs report showed 638K vs 600K expected. Slight upside beat. Sep was revised up by 11K.,jobs,0.0124912608260834,-0.0012925092914901,2020-11-08 00:00:00-05:00,2020-11-09 00:00:00-05:00,Oct,638K,600K,Sep,661K,672K,11K,Sep was revised up by 11K.,,,,,
Oct,2020-11-06 00:00:00-05:00,,,7.7%,7.7%,-0.8%,-1.0%,"Unemployment ticked down to 6.9% (vs 7.9% last month). Market expected 7.7%, positive surprise (-0.8pp vs forecast).",unemployment,0.0124912608260834,-0.0012925092914901,2020-11-08 00:00:00-05:00,2020-11-09 00:00:00-05:00,,,,,,,,,6.9%,7.9%,,,
Oct,2020-11-12 00:00:00-05:00,1.2%,1.4%,1.3%,1.3%,-0.1pp,-0.2pp,Headline CPI declined to 1.2% (vs 1.4% last month). This was a positive surprise for markets (-0.1pp vs forecast).,cpi,0.0135957103154875,0.0124115910198965,2020-11-12 00:00:00-05:00,2020-11-15 00:00:00-05:00,,,,,,,,,,,,,
Nov,2020-12-04 00:00:00-05:00,,,6.8%,6.8%,-0.1%,-0.2%,"Unemployment ticked down to 6.7% (vs 6.9% last month). Market expected 6.8%, positive surprise (-0.1pp vs forecast).",unemployment,-0.0018590213371596,0.0027802203874354,2020-12-06 00:00:00-05:00,2020-12-07 00:00:00-05:00,,,,,,,,,6.7%,6.9%,,,
,2020-12-04 00:00:00-05:00,,,,,-224K,,Nov jobs report showed 245K vs 469K expected. Significant downside surprise. Oct was revised down by 28K.,jobs,-0.0018590213371596,0.0027802203874354,2020-12-06 00:00:00-05:00,2020-12-07 00:00:00-05:00,Nov,245K,469K,Oct,638K,610K,-28K,Oct was revised down by 28K.,,,,,
Nov,2020-12-10 00:00:00-05:00,1.2%,1.2%,1.1%,1.1%,+0.1pp,+0.0pp,Headline CPI remained flat to 1.2% (vs 1.2% last month). This was a negative surprise for markets (+0.1pp vs forecast).,cpi,-0.0012496711450177,-0.0045354035834865,2020-12-10 00:00:00-05:00,2020-12-13 00:00:00-05:00,,,,,,,,,,,,,
,2020-12-16 00:00:00-05:00,,,,0.25%,+0.00%,,"The Federal Reserve held rates steady to 0.25% (vs 0.25% previously). Market expected 0.25%, in line with expectations.",fed,0.0055690987420651,-0.0039521577767772,2020-12-16 00:00:00-05:00,2020-12-17 00:00:00-05:00,,,,,,,,,,,0.25%,0.25%,+0.00%
Dec,2021-01-08 00:00:00-05:00,,,6.8%,6.8%,-0.1%,+0.0%,"Unemployment was unchanged to 6.7% (vs 6.7% last month). Market expected 6.8%, positive surprise (-0.1pp vs forecast).",unemployment,-0.0065334732968244,0.0001576892976076,2021-01-10 00:00:00-05:00,2021-01-11 00:00:00-05:00,,,,,,,,,6.7%,6.7%,,,
,2021-01-08 00:00:00-05:00,,,,,-211K,,Dec jobs report showed -140K vs 71K expected. Significant downside surprise. Nov was revised up by 91K.,jobs,-0.0065334732968244,0.0001576892976076,2021-01-10 00:00:00-05:00,2021-01-11 00:00:00-05:00,Dec,-140K,71K,Nov,245K,336K,91K,Nov was revised up by 91K.,,,,,
Dec,2021-01-13 00:00:00-05:00,1.4%,1.2%,1.3%,1.3%,+0.1pp,+0.2pp,Headline CPI rose to 1.4% (vs 1.2% last month). This was a negative surprise for markets (+0.1pp vs forecast).,cpi,-0.0034630420063518,-0.0072134900750863,2021-01-13 00:00:00-05:00,2021-01-14 00:00:00-05:00,,,,,,,,,,,,,
,2021-01-27 00:00:00-05:00,,,,0.25%,+0.00%,,"The Federal Reserve held rates steady to 0.25% (vs 0.25% previously). Market expected 0.25%, in line with expectations.",fed,0.0084604479580447,-0.0198654283255077,2021-01-27 00:00:00-05:00,2021-01-28 00:00:00-05:00,,,,,,,,,,,0.25%,0.25%,+0.00%
,2021-02-05 00:00:00-05:00,,,,,-1K,,Jan jobs report showed 49K vs 50K expected. Slight downside miss. Dec was revised down by 87K.,jobs,0.0075294630343629,-0.000841483858617,2021-02-07 00:00:00-05:00,2021-02-08 00:00:00-05:00,Jan,49K,50K,Dec,-140K,-227K,-87K,Dec was revised down by 87K.,,,,,
Jan,2021-02-05 00:00:00-05:00,,,6.7%,6.7%,-0.4%,-0.4%,"Unemployment ticked down to 6.3% (vs 6.7% last month). Market expected 6.7%, positive surprise (-0.4pp vs forecast).",unemployment,0.0075294630343629,-0.000841483858617,2021-02-07 00:00:00-05:00,2021-02-08 00:00:00-05:00,,,,,,,,,6.3%,6.7%,,,
Jan,2021-02-10 00:00:00-05:00,1.4%,1.4%,1.5%,1.5%,-0.1pp,+0.0pp,Headline CPI remained flat to 1.4% (vs 1.4% last month). This was a positive surprise for markets (-0.1pp vs forecast).,cpi,0.0016855726044806,0.0049971537932087,2021-02-10 00:00:00-05:00,2021-02-11 00:00:00-05:00,,,,,,,,,,,,,
,2021-03-05 00:00:00-05:00,,,,,197K,,Feb jobs report showed 379K vs 182K expected. Big upside surprise. Jan was revised up by 117K.,jobs,-0.0048824358722096,0.0140921617384943,2021-03-07 00:00:00-05:00,2021-03-08 00:00:00-05:00,Feb,379K,182K,Jan,49K,166K,117K,Jan was revised up by 117K.,,,,,
Feb,2021-03-05 00:00:00-05:00,,,6.3%,6.3%,-0.1%,-0.1%,"Unemployment ticked down to 6.2% (vs 6.3% last month). Market expected 6.3%, positive surprise (-0.1pp vs forecast).",unemployment,-0.0048824358722096,0.0140921617384943,2021-03-07 00:00:00-05:00,2021-03-08 00:00:00-05:00,,,,,,,,,6.2%,6.3%,,,
Feb,2021-03-10 00:00:00-05:00,1.7%,1.4%,1.7%,1.7%,+0.0pp,+0.3pp,Headline CPI rose to 1.7% (vs 1.4% last month). CPI was exactly in line with expectations.,cpi,0.010282101962054,0.0015694593546793,2021-03-10 00:00:00-05:00,2021-03-11 00:00:00-05:00,,,,,,,,,,,,,
,2021-03-17 00:00:00-04:00,,,,0.25%,+0.00%,,"The Federal Reserve held rates steady to 0.25% (vs 0.25% previously). Market expected 0.25%, in line with expectations.",fed,-0.0145957095824106,-0.0018578578021158,2021-03-17 00:00:00-04:00,2021-03-18 00:00:00-04:00,,,,,,,,,,,0.25%,0.25%,+0.00%
,2021-04-02 00:00:00-04:00,,,,,269K,,Mar jobs report showed 916K vs 647K expected. Big upside surprise. Feb was revised up by 89K.,jobs,0.0143504134886105,-0.0006129799458327,2021-04-04 00:00:00-04:00,2021-04-05 00:00:00-04:00,Mar,916K,647K,Feb,379K,468K,89K,Feb was revised up by 89K.,,,,,
Mar,2021-04-02 00:00:00-04:00,,,6.0%,6.0%,+0.0%,-0.2%,"Unemployment ticked down to 6.0% (vs 6.2% last month). Market expected 6.0%, in line with expectations.",unemployment,0.0143504134886105,-0.0006129799458327,2021-04-04 00:00:00-04:00,2021-04-05 00:00:00-04:00,,,,,,,,,6.0%,6.2%,,,
Mar,2021-04-13 00:00:00-04:00,2.6%,1.7%,2.5%,2.5%,+0.1pp,+0.9pp,Headline CPI rose to 2.6% (vs 1.7% last month). This was a negative surprise for markets (+0.1pp vs forecast).,cpi,-0.0033304828777264,0.0107512906648516,2021-04-13 00:00:00-04:00,2021-04-14 00:00:00-04:00,,,,,,,,,,,,,
,2021-04-28 00:00:00-04:00,,,,0.25%,+0.00%,,"The Federal Reserve held rates steady to 0.25% (vs 0.25% previously). Market expected 0.25%, in line with expectations.",fed,0.0063249430384884,-0.0064748428471698,2021-04-28 00:00:00-04:00,2021-04-29 00:00:00-04:00,,,,,,,,,,,0.25%,0.25%,+0.00%
Apr,2021-05-07 00:00:00-04:00,,,5.8%,5.8%,+0.3%,+0.1%,"Unemployment ticked up to 6.1% (vs 6.0% last month). Market expected 5.8%, negative surprise (+0.3pp vs forecast).",unemployment,-0.0097233283372122,-0.0089130343828132,2021-05-09 00:00:00-04:00,2021-05-10 00:00:00-04:00,,,,,,,,,6.1%,6.0%,,,
,2021-05-07 00:00:00-04:00,,,,,-712K,,Apr jobs report showed 266K vs 978K expected. Significant downside surprise. Mar was sharply revised down by 146K.,jobs,-0.0097233283372122,-0.0089130343828132,2021-05-09 00:00:00-04:00,2021-05-10 00:00:00-04:00,Apr,266K,978K,Mar,916K,770K,-146K,Mar was sharply revised down by 146K.,,,,,
Apr,2021-05-12 00:00:00-04:00,4.2%,2.6%,3.6%,3.6%,+0.6pp,+1.6pp,Headline CPI rose to 4.2% (vs 2.6% last month). This was a negative surprise for markets (+0.6pp vs forecast).,cpi,0.0118679074842393,0.0154441164557679,2021-05-12 00:00:00-04:00,2021-05-13 00:00:00-04:00,,,,,,,,,,,,,
May,2021-06-04 00:00:00-04:00,,,5.9%,5.9%,-0.1%,-0.3%,"Unemployment ticked down to 5.8% (vs 6.1% last month). Market expected 5.9%, positive surprise (-0.1pp vs forecast).",unemployment,-0.0008486078669789,4.746563373281276e-05,2021-06-06 00:00:00-04:00,2021-06-07 00:00:00-04:00,,,,,,,,,5.8%,6.1%,,,
,2021-06-04 00:00:00-04:00,,,,,-91K,,May jobs report showed 559K vs 650K expected. Significant downside surprise. Apr was revised up by 12K.,jobs,-0.0008486078669789,4.746563373281276e-05,2021-06-06 00:00:00-04:00,2021-06-07 00:00:00-04:00,May,559K,650K,Apr,266K,278K,12K,Apr was revised up by 12K.,,,,,
May,2021-06-10 00:00:00-04:00,5.0%,4.2%,4.7%,4.7%,+0.3pp,+0.8pp,Headline CPI rose to 5.0% (vs 4.2% last month). This was a negative surprise for markets (+0.3pp vs forecast).,cpi,0.0016509034070038,0.0024013869262682,2021-06-10 00:00:00-04:00,2021-06-13 00:00:00-04:00,,,,,,,,,,,,,
,2021-06-16 00:00:00-04:00,,,,0.25%,+0.00%,,"The Federal Reserve held rates steady to 0.25% (vs 0.25% previously). Market expected 0.25%, in line with expectations.",fed,-0.0003074314253722,-0.0134453570395642,2021-06-16 00:00:00-04:00,2021-06-17 00:00:00-04:00,,,,,,,,,,,0.25%,0.25%,+0.00%
Jun,2021-07-02 00:00:00-04:00,,,5.7%,5.7%,+0.2%,+0.1%,"Unemployment ticked up to 5.9% (vs 5.8% last month). Market expected 5.7%, negative surprise (+0.2pp vs forecast).",unemployment,-0.0025481587293357,0.0040963903868751,2021-07-05 00:00:00-04:00,2021-07-06 00:00:00-04:00,,,,,,,,,5.9%,5.8%,,,
,2021-07-02 00:00:00-04:00,,,,,150K,,Jun jobs report showed 850K vs 700K expected. Big upside surprise. May was revised up by 24K.,jobs,-0.0025481587293357,0.0040963903868751,2021-07-05 00:00:00-04:00,2021-07-06 00:00:00-04:00,Jun,850K,700K,May,559K,583K,24K,May was revised up by 24K.,,,,,
Jun,2021-07-13 00:00:00-04:00,5.4%,5.0%,4.9%,4.9%,+0.5pp,+0.4pp,Headline CPI rose to 5.4% (vs 5.0% last month). This was a negative surprise for markets (+0.5pp vs forecast).,cpi,0.0013259010295165,-0.003424223461548,2021-07-13 00:00:00-04:00,2021-07-14 00:00:00-04:00,,,,,,,,,,,,,
,2021-07-28 00:00:00-04:00,,,,0.25%,+0.00%,,"The Federal Reserve held rates steady to 0.25% (vs 0.25% previously). Market expected 0.25%, in line with expectations.",fed,0.0044478367129359,-0.0050608266316545,2021-07-28 00:00:00-04:00,2021-07-29 00:00:00-04:00,,,,,,,,,,,0.25%,0.25%,+0.00%
,2021-08-06 00:00:00-04:00,,,,,73K,,Jul jobs report showed 943K vs 870K expected. Big upside surprise. Jun was revised up by 88K.,jobs,-0.0006977171550904,0.0011707654142096,2021-08-08 00:00:00-04:00,2021-08-09 00:00:00-04:00,Jul,943K,870K,Jun,850K,938K,88K,Jun was revised up by 88K.,,,,,
Jul,2021-08-06 00:00:00-04:00,,,5.7%,5.7%,-0.3%,-0.5%,"Unemployment ticked down to 5.4% (vs 5.9% last month). Market expected 5.7%, positive surprise (-0.3pp vs forecast).",unemployment,-0.0006977171550904,0.0011707654142096,2021-08-08 00:00:00-04:00,2021-08-09 00:00:00-04:00,,,,,,,,,5.4%,5.9%,,,
Jul,2021-08-11 00:00:00-04:00,5.4%,5.4%,5.3%,5.3%,+0.1pp,+0.0pp,Headline CPI remained flat to 5.4% (vs 5.4% last month). This was a negative surprise for markets (+0.1pp vs forecast).,cpi,0.0023335002452857,0.002529721053436,2021-08-11 00:00:00-04:00,2021-08-12 00:00:00-04:00,,,,,,,,,,,,,
,2021-09-03 00:00:00-04:00,,,,,-515K,,Aug jobs report showed 235K vs 750K expected. Significant downside surprise. Jul was revised up by 110K.,jobs,-0.0032302497566825,-0.0013227522663269,2021-09-06 00:00:00-04:00,2021-09-07 00:00:00-04:00,Aug,235K,750K,Jul,943K,"1,053K",110K,Jul was revised up by 110K.,,,,,
Aug,2021-09-03 00:00:00-04:00,,,5.2%,5.2%,+0.0%,-0.2%,"Unemployment ticked down to 5.2% (vs 5.4% last month). Market expected 5.2%, in line with expectations.",unemployment,-0.0032302497566825,-0.0013227522663269,2021-09-06 00:00:00-04:00,2021-09-07 00:00:00-04:00,,,,,,,,,5.2%,5.4%,,,
Aug,2021-09-14 00:00:00-04:00,5.3%,5.4%,5.3%,5.3%,+0.0pp,-0.1pp,Headline CPI declined to 5.3% (vs 5.4% last month). CPI was exactly in line with expectations.,cpi,0.0083147364446249,-0.0018670685994518,2021-09-14 00:00:00-04:00,2021-09-15 00:00:00-04:00,,,,,,,,,,,,,
,2021-09-22 00:00:00-04:00,,,,0.25%,+0.00%,,"The Federal Reserve held rates steady to 0.25% (vs 0.25% previously). Market expected 0.25%, in line with expectations.",fed,0.0119874096453167,0.0019174666254733,2021-09-22 00:00:00-04:00,2021-09-23 00:00:00-04:00,,,,,,,,,,,0.25%,0.25%,+0.00%
,2021-10-08 00:00:00-04:00,,,,,-306K,,Sep jobs report showed 194K vs 500K expected. Significant downside surprise. Aug was revised up by 131K.,jobs,-0.0074612020353783,-0.0025209815849037,2021-10-10 00:00:00-04:00,2021-10-11 00:00:00-04:00,Sep,194K,500K,Aug,235K,366K,131K,Aug was revised up by 131K.,,,,,
Sep,2021-10-08 00:00:00-04:00,,,5.1%,5.1%,-0.3%,-0.4%,"Unemployment ticked down to 4.8% (vs 5.2% last month). Market expected 5.1%, positive surprise (-0.3pp vs forecast).",unemployment,-0.0074612020353783,-0.0025209815849037,2021-10-10 00:00:00-04:00,2021-10-11 00:00:00-04:00,,,,,,,,,4.8%,5.2%,,,
Sep,2021-10-13 00:00:00-04:00,5.4%,5.3%,5.3%,5.3%,+0.1pp,+0.1pp,Headline CPI rose to 5.4% (vs 5.3% last month). This was a negative surprise for markets (+0.1pp vs forecast).,cpi,0.0171246423341202,0.0076755856980217,2021-10-13 00:00:00-04:00,2021-10-14 00:00:00-04:00,,,,,,,,,,,,,
,2021-11-03 00:00:00-04:00,,,,0.25%,+0.00%,,"The Federal Reserve held rates steady to 0.25% (vs 0.25% previously). Market expected 0.25%, in line with expectations.",fed,0.0045864562653199,0.0035198441572408,2021-11-03 00:00:00-04:00,2021-11-04 00:00:00-04:00,,,,,,,,,,,0.25%,0.25%,+0.00%
,2021-11-05 00:00:00-04:00,,,,,81K,,Oct jobs report showed 531K vs 450K expected. Big upside surprise. Sep was revised up by 118K.,jobs,0.0010419363446447,0.0,2021-11-07 00:00:00-04:00,2021-11-07 00:00:00-04:00,Oct,531K,450K,Sep,194K,312K,118K,Sep was revised up by 118K.,,,,,
Oct,2021-11-05 00:00:00-04:00,,,4.7%,4.7%,-0.1%,-0.2%,"Unemployment ticked down to 4.6% (vs 4.8% last month). Market expected 4.7%, positive surprise (-0.1pp vs forecast).",unemployment,0.0010419363446447,0.0,2021-11-07 00:00:00-04:00,2021-11-07 00:00:00-04:00,,,,,,,,,4.6%,4.8%,,,
Oct,2021-11-10 00:00:00-05:00,6.2%,5.4%,5.8%,5.8%,+0.4pp,+0.8pp,Headline CPI rose to 6.2% (vs 5.4% last month). This was a negative surprise for markets (+0.4pp vs forecast).,cpi,0.0004081772831303,0.0073647496298661,2021-11-10 00:00:00-05:00,2021-11-11 00:00:00-05:00,,,,,,,,,,,,,
Nov,2021-12-03 00:00:00-05:00,,,4.5%,4.5%,-0.3%,-0.4%,"Unemployment ticked down to 4.2% (vs 4.6% last month). Market expected 4.5%, positive surprise (-0.3pp vs forecast).",unemployment,0.0120401965491989,0.0207763353868748,2021-12-05 00:00:00-05:00,2021-12-06 00:00:00-05:00,,,,,,,,,4.2%,4.6%,,,
,2021-12-03 00:00:00-05:00,,,,,-340K,,Nov jobs report showed 210K vs 550K expected. Significant downside surprise. Oct was revised up by 15K.,jobs,0.0120401965491989,0.0207763353868748,2021-12-05 00:00:00-05:00,2021-12-06 00:00:00-05:00,Nov,210K,550K,Oct,531K,546K,15K,Oct was revised up by 15K.,,,,,
Nov,2021-12-10 00:00:00-05:00,6.8%,6.2%,6.8%,6.8%,+0.0pp,+0.6pp,Headline CPI rose to 6.8% (vs 6.2% last month). CPI was exactly in line with expectations.,cpi,-0.0088531575389099,-0.0070652565002025,2021-12-12 00:00:00-05:00,2021-12-13 00:00:00-05:00,,,,,,,,,,,,,
,2021-12-15 00:00:00-05:00,,,,0.25%,+0.00%,,"The Federal Reserve held rates steady to 0.25% (vs 0.25% previously). Market expected 0.25%, in line with expectations.",fed,-0.0091708349386137,-0.0099197219126518,2021-12-15 00:00:00-05:00,2021-12-16 00:00:00-05:00,,,,,,,,,,,0.25%,0.25%,+0.00%
Dec,2022-01-07 00:00:00-05:00,,,4.1%,4.1%,-0.2%,-0.3%,"Unemployment ticked down to 3.9% (vs 4.2% last month). Market expected 4.1%, positive surprise (-0.2pp vs forecast).",unemployment,-0.0018797579571374,0.0098666829339313,2022-01-09 00:00:00-05:00,2022-01-10 00:00:00-05:00,,,,,,,,,3.9%,4.2%,,,
,2022-01-07 00:00:00-05:00,,,,,-201K,,Dec jobs report showed 199K vs 400K expected. Significant downside surprise. Nov was revised up by 39K.,jobs,-0.0018797579571374,0.0098666829339313,2022-01-09 00:00:00-05:00,2022-01-10 00:00:00-05:00,Dec,199K,400K,Nov,210K,249K,39K,Nov was revised up by 39K.,,,,,
Dec,2022-01-12 00:00:00-05:00,7.0%,6.8%,7.0%,7.0%,+0.0pp,+0.2pp,Headline CPI rose to 7.0% (vs 6.8% last month). CPI was exactly in line with expectations.,cpi,-0.013718773131611,0.0003430931229249,2022-01-12 00:00:00-05:00,2022-01-13 00:00:00-05:00,,,,,,,,,,,,,
,2022-01-26 00:00:00-05:00,,,,0.25%,+0.00%,,"The Federal Reserve held rates steady to 0.25% (vs 0.25% previously). Market expected 0.25%, in line with expectations.",fed,-0.0052130073839745,0.0244482736903433,2022-01-26 00:00:00-05:00,2022-01-27 00:00:00-05:00,,,,,,,,,,,0.25%,0.25%,+0.00%
Jan,2022-02-04 00:00:00-05:00,,,3.9%,3.9%,+0.1%,+0.1%,"Unemployment ticked up to 4.0% (vs 3.9% last month). Market expected 3.9%, negative surprise (+0.1pp vs forecast).",unemployment,-0.003548929145642,0.0079468154302657,2022-02-06 00:00:00-05:00,2022-02-07 00:00:00-05:00,,,,,,,,,4.0%,3.9%,,,
,2022-02-04 00:00:00-05:00,,,,,317K,,Jan jobs report showed 467K vs 150K expected. Big upside surprise. Dec was revised up by 311K.,jobs,-0.003548929145642,0.0079468154302657,2022-02-06 00:00:00-05:00,2022-02-07 00:00:00-05:00,Jan,467K,150K,Dec,199K,510K,311K,Dec was revised up by 311K.,,,,,
Jan,2022-02-10 00:00:00-05:00,7.5%,7.0%,7.3%,7.3%,+0.2pp,+0.5pp,Headline CPI rose to 7.5% (vs 7.0% last month). This was a negative surprise for markets (+0.2pp vs forecast).,cpi,-0.0200052863547764,-0.0032553750371464,2022-02-10 00:00:00-05:00,2022-02-13 00:00:00-05:00,,,,,,,,,,,,,
Feb,2022-03-04 00:00:00-05:00,,,3.9%,3.9%,-0.1%,-0.2%,"Unemployment ticked down to 3.8% (vs 4.0% last month). Market expected 3.9%, positive surprise (-0.1pp vs forecast).",unemployment,-0.0293812401675639,-0.007455075433023,2022-03-06 00:00:00-05:00,2022-03-07 00:00:00-05:00,,,,,,,,,3.8%,4.0%,,,
,2022-03-04 00:00:00-05:00,,,,,278K,,Feb jobs report showed 678K vs 400K expected. Big upside surprise. Jan was revised up by 14K.,jobs,-0.0293812401675639,-0.007455075433023,2022-03-06 00:00:00-05:00,2022-03-07 00:00:00-05:00,Feb,678K,400K,Jan,467K,481K,14K,Jan was revised up by 14K.,,,,,
Feb,2022-03-10 00:00:00-05:00,7.9%,7.5%,7.9%,7.9%,+0.0pp,+0.4pp,Headline CPI rose to 7.9% (vs 7.5% last month). CPI was exactly in line with expectations.,cpi,-0.0124724300083319,-0.0075590906827432,2022-03-10 00:00:00-05:00,2022-03-13 00:00:00-05:00,,,,,,,,,,,,,
,2022-03-16 00:00:00-04:00,,,,0.50%,+0.00%,,"The Federal Reserve raised rates to 0.50% (vs 0.25% previously). Market expected 0.50%, in line with expectations.",fed,0.0124337679692916,0.0107007056572563,2022-03-16 00:00:00-04:00,2022-03-17 00:00:00-04:00,,,,,,,,,,,0.50%,0.25%,+0.25%
,2022-04-01 00:00:00-04:00,,,,,-59K,,Mar jobs report showed 431K vs 490K expected. Significant downside surprise. Feb was revised up by 72K.,jobs,0.0088170798176416,-0.0128812798813443,2022-04-03 00:00:00-04:00,2022-04-04 00:00:00-04:00,Mar,431K,490K,Feb,678K,750K,72K,Feb was revised up by 72K.,,,,,
Mar,2022-04-01 00:00:00-04:00,,,3.7%,3.7%,-0.1%,-0.2%,"Unemployment ticked down to 3.6% (vs 3.8% last month). Market expected 3.7%, positive surprise (-0.1pp vs forecast).",unemployment,0.0088170798176416,-0.0128812798813443,2022-04-03 00:00:00-04:00,2022-04-04 00:00:00-04:00,,,,,,,,,3.6%,3.8%,,,
Mar,2022-04-12 00:00:00-04:00,8.5%,7.9%,8.4%,8.4%,+0.1pp,+0.6pp,Headline CPI rose to 8.5% (vs 7.9% last month). This was a negative surprise for markets (+0.1pp vs forecast).,cpi,0.0117031791504289,-0.0123540635953435,2022-04-12 00:00:00-04:00,2022-04-13 00:00:00-04:00,,,,,,,,,,,,,
,2022-05-04 00:00:00-04:00,,,,1.00%,+0.00%,,"The Federal Reserve raised rates to 1.00% (vs 0.50% previously). Market expected 1.00%, in line with expectations.",fed,-0.0354970073984721,-0.0053918958983663,2022-05-04 00:00:00-04:00,2022-05-05 00:00:00-04:00,,,,,,,,,,,1.00%,0.50%,+0.50%
Apr,2022-05-06 00:00:00-04:00,,,3.5%,3.5%,+0.1%,+0.0%,"Unemployment was unchanged to 3.6% (vs 3.6% last month). Market expected 3.5%, negative surprise (+0.1pp vs forecast).",unemployment,-0.0321626351764696,0.0019752823041661,2022-05-08 00:00:00-04:00,2022-05-09 00:00:00-04:00,,,,,,,,,3.6%,3.6%,,,
,2022-05-06 00:00:00-04:00,,,,,37K,,Apr jobs report showed 428K vs 391K expected. Slight upside beat. Mar was revised down by 3K.,jobs,-0.0321626351764696,0.0019752823041661,2022-05-08 00:00:00-04:00,2022-05-09 00:00:00-04:00,Apr,428K,391K,Mar,431K,428K,-3K,Mar was revised down by 3K.,,,,,
Apr,2022-05-11 00:00:00-04:00,8.3%,8.5%,8.1%,8.1%,+0.2pp,-0.2pp,Headline CPI declined to 8.3% (vs 8.5% last month). This was a negative surprise for markets (+0.2pp vs forecast).,cpi,-0.0014704431427433,0.0243771686474258,2022-05-11 00:00:00-04:00,2022-05-12 00:00:00-04:00,,,,,,,,,,,,,
May,2022-06-03 00:00:00-04:00,,,3.5%,3.5%,+0.1%,+0.0%,"Unemployment was unchanged to 3.6% (vs 3.6% last month). Market expected 3.5%, negative surprise (+0.1pp vs forecast).",unemployment,0.0030067440501748,0.0092838593699176,2022-06-05 00:00:00-04:00,2022-06-06 00:00:00-04:00,,,,,,,,,3.6%,3.6%,,,
,2022-06-03 00:00:00-04:00,,,,,65K,,May jobs report showed 390K vs 325K expected. Big upside surprise. Apr was revised up by 8K.,jobs,0.0030067440501748,0.0092838593699176,2022-06-05 00:00:00-04:00,2022-06-06 00:00:00-04:00,May,390K,325K,Apr,428K,436K,8K,Apr was revised up by 8K.,,,,,
May,2022-06-10 00:00:00-04:00,8.6%,8.3%,8.3%,8.3%,+0.3pp,+0.3pp,Headline CPI rose to 8.6% (vs 8.3% last month). This was a negative surprise for markets (+0.3pp vs forecast).,cpi,-0.0384486241576548,-0.0026658376013571,2022-06-12 00:00:00-04:00,2022-06-13 00:00:00-04:00,,,,,,,,,,,,,
,2022-06-15 00:00:00-04:00,,,,1.50%,+0.25%,,"The Federal Reserve raised rates to 1.75% (vs 1.00% previously). Market expected 1.50%, hawkish surprise (+0.25pp vs forecast).",fed,-0.0328624980459223,0.0018255182465698,2022-06-15 00:00:00-04:00,2022-06-16 00:00:00-04:00,,,,,,,,,,,1.75%,1.00%,+0.75%
Jun,2022-07-08 00:00:00-04:00,,,3.6%,3.6%,+0.0%,+0.0%,"Unemployment was unchanged to 3.6% (vs 3.6% last month). Market expected 3.6%, in line with expectations.",unemployment,-0.0113902029544902,-0.0089844539164114,2022-07-10 00:00:00-04:00,2022-07-11 00:00:00-04:00,,,,,,,,,3.6%,3.6%,,,
,2022-07-08 00:00:00-04:00,,,,,104K,,Jun jobs report showed 372K vs 268K expected. Big upside surprise. May was revised down by 6K.,jobs,-0.0113902029544902,-0.0089844539164114,2022-07-10 00:00:00-04:00,2022-07-11 00:00:00-04:00,Jun,372K,268K,May,390K,384K,-6K,May was revised down by 6K.,,,,,
Jun,2022-07-13 00:00:00-04:00,9.1%,8.6%,8.8%,8.8%,+0.3pp,+0.5pp,Headline CPI rose to 9.1% (vs 8.6% last month). This was a negative surprise for markets (+0.3pp vs forecast).,cpi,-0.0024159555013459,0.0190849208929217,2022-07-13 00:00:00-04:00,2022-07-14 00:00:00-04:00,,,,,,,,,,,,,
,2022-07-27 00:00:00-04:00,,,,2.50%,+0.00%,,"The Federal Reserve raised rates to 2.50% (vs 1.75% previously). Market expected 2.50%, in line with expectations.",fed,0.0127019557823129,0.0148698117184509,2022-07-27 00:00:00-04:00,2022-07-28 00:00:00-04:00,,,,,,,,,,,2.50%,1.75%,+0.75%
Jul,2022-08-05 00:00:00-04:00,,,3.6%,3.6%,-0.1%,-0.1%,"Unemployment ticked down to 3.5% (vs 3.6% last month). Market expected 3.6%, positive surprise (-0.1pp vs forecast).",unemployment,-0.0008662477651445,-0.0041905198340584,2022-08-07 00:00:00-04:00,2022-08-08 00:00:00-04:00,,,,,,,,,3.5%,3.6%,,,
,2022-08-05 00:00:00-04:00,,,,,278K,,Jul jobs report showed 528K vs 250K expected. Big upside surprise. Jun was revised up by 26K.,jobs,-0.0008662477651445,-0.0041905198340584,2022-08-07 00:00:00-04:00,2022-08-08 00:00:00-04:00,Jul,528K,250K,Jun,372K,398K,26K,Jun was revised up by 26K.,,,,,
Jul,2022-08-10 00:00:00-04:00,8.5%,9.1%,8.7%,8.7%,-0.2pp,-0.6pp,Headline CPI declined to 8.5% (vs 9.1% last month). This was a positive surprise for markets (-0.2pp vs forecast).,cpi,0.0003553026001374,0.0164574139861481,2022-08-10 00:00:00-04:00,2022-08-11 00:00:00-04:00,,,,,,,,,,,,,
Aug,2022-09-02 00:00:00-04:00,,,3.5%,3.5%,+0.2%,+0.2%,"Unemployment ticked up to 3.7% (vs 3.5% last month). Market expected 3.5%, negative surprise (+0.2pp vs forecast).",unemployment,-0.003981994221509,0.0181051614925187,2022-09-05 00:00:00-04:00,2022-09-06 00:00:00-04:00,,,,,,,,,3.7%,3.5%,,,
,2022-09-02 00:00:00-04:00,,,,,15K,,Aug jobs report showed 315K vs 300K expected. Slight upside beat. Jul was revised down by 2K.,jobs,-0.003981994221509,0.0181051614925187,2022-09-05 00:00:00-04:00,2022-09-06 00:00:00-04:00,Aug,315K,300K,Jul,528K,526K,-2K,Jul was revised down by 2K.,,,,,
Aug,2022-09-13 00:00:00-04:00,8.3%,8.5%,8.1%,8.1%,+0.2pp,-0.2pp,Headline CPI declined to 8.3% (vs 8.5% last month). This was a negative surprise for markets (+0.2pp vs forecast).,cpi,0.0038214271401477,-0.0115466864308444,2022-09-13 00:00:00-04:00,2022-09-14 00:00:00-04:00,,,,,,,,,,,,,
,2022-09-21 00:00:00-04:00,,,,3.25%,+0.00%,,"The Federal Reserve raised rates to 3.25% (vs 2.50% previously). Market expected 3.25%, in line with expectations.",fed,-0.0084534019377379,-0.0166009831646122,2022-09-21 00:00:00-04:00,2022-09-22 00:00:00-04:00,,,,,,,,,,,3.25%,2.50%,+0.75%
,2022-10-07 00:00:00-04:00,,,,,13K,,Sep jobs report showed 263K vs 250K expected. Slight upside beat. Aug was unchanged.,jobs,-0.0074383005523278,-0.0068579457150882,2022-10-09 00:00:00-04:00,2022-10-10 00:00:00-04:00,Sep,263K,250K,Aug,315K,315K,0K,Aug was unchanged.,,,,,
Sep,2022-10-07 00:00:00-04:00,,,3.7%,3.7%,-0.2%,-0.2%,"Unemployment ticked down to 3.5% (vs 3.7% last month). Market expected 3.7%, positive surprise (-0.2pp vs forecast).",unemployment,-0.0074383005523278,-0.0068579457150882,2022-10-09 00:00:00-04:00,2022-10-10 00:00:00-04:00,,,,,,,,,3.5%,3.7%,,,
Sep,2022-10-13 00:00:00-04:00,8.2%,8.3%,8.1%,8.1%,+0.1pp,-0.1pp,Headline CPI declined to 8.2% (vs 8.3% last month). This was a negative surprise for markets (+0.1pp vs forecast).,cpi,-0.0229108904729967,0.0257316200502593,2022-10-13 00:00:00-04:00,2022-10-16 00:00:00-04:00,,,,,,,,,,,,,
,2022-11-02 00:00:00-04:00,,,,4.00%,+0.00%,,"The Federal Reserve raised rates to 4.00% (vs 3.25% previously). Market expected 4.00%, in line with expectations.",fed,-0.0100439749358478,0.0141449298392997,2022-11-02 00:00:00-04:00,2022-11-03 00:00:00-04:00,,,,,,,,,,,4.00%,3.25%,+0.75%
Oct,2022-11-04 00:00:00-04:00,,,3.6%,3.6%,+0.1%,+0.2%,"Unemployment ticked up to 3.7% (vs 3.5% last month). Market expected 3.6%, negative surprise (+0.1pp vs forecast).",unemployment,0.0097660474542782,0.0,2022-11-06 00:00:00-04:00,2022-11-06 00:00:00-04:00,,,,,,,,,3.7%,3.5%,,,
,2022-11-04 00:00:00-04:00,,,,,61K,,Oct jobs report showed 261K vs 200K expected. Big upside surprise. Sep was revised up by 52K.,jobs,0.0097660474542782,0.0,2022-11-06 00:00:00-04:00,2022-11-06 00:00:00-04:00,Oct,261K,200K,Sep,263K,315K,52K,Sep was revised up by 52K.,,,,,
Oct,2022-11-10 00:00:00-05:00,7.7%,8.2%,8.0%,8.0%,-0.3pp,-0.5pp,Headline CPI declined to 7.7% (vs 8.2% last month). This was a positive surprise for markets (-0.3pp vs forecast).,cpi,0.0096378856915311,-0.0083963231529148,2022-11-10 00:00:00-05:00,2022-11-13 00:00:00-05:00,,,,,,,,,,,,,
,2022-12-02 00:00:00-05:00,,,,,63K,,Nov jobs report showed 263K vs 200K expected. Big upside surprise. Oct was revised up by 23K.,jobs,-0.018007868912898,-0.0143017355579299,2022-12-04 00:00:00-05:00,2022-12-05 00:00:00-05:00,Nov,263K,200K,Oct,261K,284K,23K,Oct was revised up by 23K.,,,,,
Nov,2022-12-02 00:00:00-05:00,,,3.7%,3.7%,+0.0%,+0.0%,"Unemployment was unchanged to 3.7% (vs 3.7% last month). Market expected 3.7%, in line with expectations.",unemployment,-0.018007868912898,-0.0143017355579299,2022-12-04 00:00:00-05:00,2022-12-05 00:00:00-05:00,,,,,,,,,3.7%,3.7%,,,
Nov,2022-12-13 00:00:00-05:00,7.1%,7.7%,7.3%,7.3%,-0.2pp,-0.6pp,Headline CPI declined to 7.1% (vs 7.7% last month). This was a positive surprise for markets (-0.2pp vs forecast).,cpi,-0.0059950260282702,-0.0247747437588077,2022-12-13 00:00:00-05:00,2022-12-14 00:00:00-05:00,,,,,,,,,,,,,
,2022-12-14 00:00:00-05:00,,,,4.50%,+0.00%,,"The Federal Reserve raised rates to 4.50% (vs 4.00% previously). Market expected 4.50%, in line with expectations.",fed,-0.0247747437588077,-0.0122145248716273,2022-12-14 00:00:00-05:00,2022-12-15 00:00:00-05:00,,,,,,,,,,,4.50%,4.00%,+0.50%
,2023-01-06 00:00:00-05:00,,,,,23K,,Dec jobs report showed 223K vs 200K expected. Slight upside beat. Nov was revised down by 7K.,jobs,-0.0006926684235682,0.0071877019958097,2023-01-08 00:00:00-05:00,2023-01-09 00:00:00-05:00,Dec,223K,200K,Nov,263K,256K,-7K,Nov was revised down by 7K.,,,,,
Dec,2023-01-06 00:00:00-05:00,,,3.7%,3.7%,-0.2%,-0.2%,"Unemployment ticked down to 3.5% (vs 3.7% last month). Market expected 3.7%, positive surprise (-0.2pp vs forecast).",unemployment,-0.0006926684235682,0.0071877019958097,2023-01-08 00:00:00-05:00,2023-01-09 00:00:00-05:00,,,,,,,,,3.5%,3.7%,,,
Dec,2023-01-12 00:00:00-05:00,6.5%,7.1%,6.5%,6.5%,+0.0pp,-0.6pp,Headline CPI declined to 6.5% (vs 7.1% last month). CPI was exactly in line with expectations.,cpi,0.0039365979340155,-0.0018480173763399,2023-01-12 00:00:00-05:00,2023-01-16 00:00:00-05:00,,,,,,,,,,,,,
,2023-02-01 00:00:00-05:00,,,,4.75%,+0.00%,,"The Federal Reserve raised rates to 4.75% (vs 4.50% previously). Market expected 4.75%, in line with expectations.",fed,0.014515227305037,-0.0102948095141834,2023-02-01 00:00:00-05:00,2023-02-02 00:00:00-05:00,,,,,,,,,,,4.75%,4.50%,+0.25%
Jan,2023-02-03 00:00:00-05:00,,,3.6%,3.6%,-0.2%,-0.1%,"Unemployment ticked down to 3.4% (vs 3.5% last month). Market expected 3.6%, positive surprise (-0.2pp vs forecast).",unemployment,-0.0061542313107108,0.0129188210514998,2023-02-05 00:00:00-05:00,2023-02-06 00:00:00-05:00,,,,,,,,,3.4%,3.5%,,,
,2023-02-03 00:00:00-05:00,,,,,332K,,Jan jobs report showed 517K vs 185K expected. Big upside surprise. Dec was revised up by 37K.,jobs,-0.0061542313107108,0.0129188210514998,2023-02-05 00:00:00-05:00,2023-02-06 00:00:00-05:00,Jan,517K,185K,Dec,223K,260K,37K,Dec was revised up by 37K.,,,,,
Jan,2023-02-14 00:00:00-05:00,6.4%,6.5%,6.2%,6.2%,+0.2pp,-0.1pp,Headline CPI declined to 6.4% (vs 6.5% last month). This was a negative surprise for markets (+0.2pp vs forecast).,cpi,0.0031841915064729,-0.0134653918008555,2023-02-14 00:00:00-05:00,2023-02-15 00:00:00-05:00,,,,,,,,,,,,,
,2023-03-10 00:00:00-05:00,,,,,106K,,Feb jobs report showed 311K vs 205K expected. Big upside surprise. Jan was revised down by 13K.,jobs,-0.0020881259261422,0.0168183187874542,2023-03-12 00:00:00-05:00,2023-03-13 00:00:00-04:00,Feb,311K,205K,Jan,517K,504K,-13K,Jan was revised down by 13K.,,,,,
Feb,2023-03-10 00:00:00-05:00,,,3.4%,3.4%,+0.2%,+0.2%,"Unemployment ticked up to 3.6% (vs 3.4% last month). Market expected 3.4%, negative surprise (+0.2pp vs forecast).",unemployment,-0.0020881259261422,0.0168183187874542,2023-03-12 00:00:00-05:00,2023-03-13 00:00:00-04:00,,,,,,,,,3.6%,3.4%,,,
Feb,2023-03-14 00:00:00-04:00,6.0%,6.4%,6.0%,6.0%,+0.0pp,-0.4pp,Headline CPI declined to 6.0% (vs 6.4% last month). CPI was exactly in line with expectations.,cpi,-0.0061485044173013,0.017205358409055,2023-03-14 00:00:00-04:00,2023-03-15 00:00:00-04:00,,,,,,,,,,,,,
,2023-03-22 00:00:00-04:00,,,,5.00%,+0.00%,,"The Federal Reserve raised rates to 5.00% (vs 4.75% previously). Market expected 5.00%, in line with expectations.",fed,0.0025340638022071,0.0066101673148999,2023-03-22 00:00:00-04:00,2023-03-23 00:00:00-04:00,,,,,,,,,,,5.00%,4.75%,+0.25%
,2023-04-07 00:00:00-04:00,,,,,-3K,,Mar jobs report showed 236K vs 239K expected. Slight downside miss. Feb was revised up by 15K.,jobs,0.0011434961634679,-2.441591057067427e-05,2023-04-09 00:00:00-04:00,2023-04-10 00:00:00-04:00,Mar,236K,239K,Feb,311K,326K,15K,Feb was revised up by 15K.,,,,,
Mar,2023-04-07 00:00:00-04:00,,,3.6%,3.6%,-0.1%,-0.1%,"Unemployment ticked down to 3.5% (vs 3.6% last month). Market expected 3.6%, positive surprise (-0.1pp vs forecast).",unemployment,0.0011434961634679,-2.441591057067427e-05,2023-04-09 00:00:00-04:00,2023-04-10 00:00:00-04:00,,,,,,,,,3.5%,3.6%,,,
Mar,2023-04-12 00:00:00-04:00,5.0%,6.0%,5.2%,5.2%,-0.2pp,-1.0pp,Headline CPI declined to 5.0% (vs 6.0% last month). This was a positive surprise for markets (-0.2pp vs forecast).,cpi,0.0130264718116133,-0.0024560908816573,2023-04-12 00:00:00-04:00,2023-04-13 00:00:00-04:00,,,,,,,,,,,,,
,2023-05-03 00:00:00-04:00,,,,5.25%,+0.00%,,"The Federal Reserve raised rates to 5.25% (vs 5.00% previously). Market expected 5.25%, in line with expectations.",fed,-0.0069802792065561,0.0182864865082443,2023-05-03 00:00:00-04:00,2023-05-04 00:00:00-04:00,,,,,,,,,,,5.25%,5.00%,+0.25%
,2023-05-05 00:00:00-04:00,,,,,73K,,Apr jobs report showed 253K vs 180K expected. Big upside surprise. Mar was revised down by 71K.,jobs,0.0005309092329934,-0.0040771096603611,2023-05-07 00:00:00-04:00,2023-05-08 00:00:00-04:00,Apr,253K,180K,Mar,236K,165K,-71K,Mar was revised down by 71K.,,,,,
Apr,2023-05-05 00:00:00-04:00,,,3.6%,3.6%,-0.2%,-0.1%,"Unemployment ticked down to 3.4% (vs 3.5% last month). Market expected 3.6%, positive surprise (-0.2pp vs forecast).",unemployment,0.0005309092329934,-0.0040771096603611,2023-05-07 00:00:00-04:00,2023-05-08 00:00:00-04:00,,,,,,,,,3.4%,3.5%,,,
Apr,2023-05-10 00:00:00-04:00,4.9%,5.0%,5.0%,5.0%,-0.1pp,-0.1pp,Headline CPI declined to 4.9% (vs 5.0% last month). This was a positive surprise for markets (-0.1pp vs forecast).,cpi,-0.0014955145957392,-0.0013044295979298,2023-05-10 00:00:00-04:00,2023-05-11 00:00:00-04:00,,,,,,,,,,,,,
May,2023-06-02 00:00:00-04:00,,,3.5%,3.5%,+0.2%,+0.3%,"Unemployment ticked up to 3.7% (vs 3.4% last month). Market expected 3.5%, negative surprise (+0.2pp vs forecast).",unemployment,-0.0017218905652003,0.0021209516462075,2023-06-04 00:00:00-04:00,2023-06-05 00:00:00-04:00,,,,,,,,,3.7%,3.4%,,,
,2023-06-02 00:00:00-04:00,,,,,159K,,May jobs report showed 339K vs 180K expected. Big upside surprise. Apr was revised up by 41K.,jobs,-0.0017218905652003,0.0021209516462075,2023-06-04 00:00:00-04:00,2023-06-05 00:00:00-04:00,May,339K,180K,Apr,253K,294K,41K,Apr was revised up by 41K.,,,,,
May,2023-06-13 00:00:00-04:00,4.0%,4.9%,4.1%,4.1%,-0.1pp,-0.9pp,Headline CPI declined to 4.0% (vs 4.9% last month). This was a positive surprise for markets (-0.1pp vs forecast).,cpi,0.0011663439028,0.0123572328472882,2023-06-13 00:00:00-04:00,2023-06-14 00:00:00-04:00,,,,,,,,,,,,,
,2023-06-14 00:00:00-04:00,,,,5.25%,+0.00%,,"The Federal Reserve held rates steady to 5.25% (vs 5.25% previously). Market expected 5.25%, in line with expectations.",fed,0.0123572328472882,-0.0035649271522278,2023-06-14 00:00:00-04:00,2023-06-15 00:00:00-04:00,,,,,,,,,,,5.25%,5.25%,+0.00%
,2023-07-07 00:00:00-04:00,,,,,-16K,,Jun jobs report showed 209K vs 225K expected. Slight downside miss. May was revised down by 33K.,jobs,0.002654285225476,0.0067198713608185,2023-07-09 00:00:00-04:00,2023-07-10 00:00:00-04:00,Jun,209K,225K,May,339K,306K,-33K,May was revised down by 33K.,,,,,
Jun,2023-07-07 00:00:00-04:00,,,3.6%,3.6%,+0.0%,-0.1%,"Unemployment ticked down to 3.6% (vs 3.7% last month). Market expected 3.6%, in line with expectations.",unemployment,0.002654285225476,0.0067198713608185,2023-07-09 00:00:00-04:00,2023-07-10 00:00:00-04:00,,,,,,,,,3.6%,3.7%,,,
Jun,2023-07-12 00:00:00-04:00,3.0%,4.0%,3.1%,3.1%,-0.1pp,-1.0pp,Headline CPI declined to 3.0% (vs 4.0% last month). This was a positive surprise for markets (-0.1pp vs forecast).,cpi,0.0085215330635231,-0.0009953573140394,2023-07-12 00:00:00-04:00,2023-07-13 00:00:00-04:00,,,,,,,,,,,,,
,2023-07-26 00:00:00-04:00,,,,5.50%,+0.00%,,"The Federal Reserve raised rates to 5.50% (vs 5.25% previously). Market expected 5.50%, in line with expectations.",fed,-0.0064645710254276,0.0094521795314372,2023-07-26 00:00:00-04:00,2023-07-27 00:00:00-04:00,,,,,,,,,,,5.50%,5.25%,+0.25%
,2023-08-04 00:00:00-04:00,,,,,-13K,,Jul jobs report showed 187K vs 200K expected. Slight downside miss. Jun was revised down by 24K.,jobs,0.0088399853383493,-0.0041936380274183,2023-08-06 00:00:00-04:00,2023-08-07 00:00:00-04:00,Jul,187K,200K,Jun,209K,185K,-24K,Jun was revised down by 24K.,,,,,
Jul,2023-08-04 00:00:00-04:00,,,3.6%,3.6%,-0.1%,-0.1%,"Unemployment ticked down to 3.5% (vs 3.6% last month). Market expected 3.6%, positive surprise (-0.1pp vs forecast).",unemployment,0.0088399853383493,-0.0041936380274183,2023-08-06 00:00:00-04:00,2023-08-07 00:00:00-04:00,,,,,,,,,3.5%,3.6%,,,
Jul,2023-08-10 00:00:00-04:00,3.2%,3.0%,3.3%,3.3%,-0.1pp,+0.2pp,Headline CPI rose to 3.2% (vs 3.0% last month). This was a positive surprise for markets (-0.1pp vs forecast).,cpi,-0.0006022772523102,0.0053567707117976,2023-08-10 00:00:00-04:00,2023-08-13 00:00:00-04:00,,,,,,,,,,,,,
,2023-09-01 00:00:00-04:00,,,,,17K,,Aug jobs report showed 187K vs 170K expected. Slight upside beat. Jul was revised down by 30K.,jobs,-0.0042985007360947,-0.0069516374166495,2023-09-04 00:00:00-04:00,2023-09-05 00:00:00-04:00,Aug,187K,170K,Jul,187K,157K,-30K,Jul was revised down by 30K.,,,,,
Aug,2023-09-01 00:00:00-04:00,,,3.5%,3.5%,+0.3%,+0.3%,"Unemployment ticked up to 3.8% (vs 3.5% last month). Market expected 3.5%, negative surprise (+0.3pp vs forecast).",unemployment,-0.0042985007360947,-0.0069516374166495,2023-09-04 00:00:00-04:00,2023-09-05 00:00:00-04:00,,,,,,,,,3.8%,3.5%,,,
Aug,2023-09-13 00:00:00-04:00,3.7%,3.2%,3.6%,3.6%,+0.1pp,+0.5pp,Headline CPI rose to 3.7% (vs 3.2% last month). This was a negative surprise for markets (+0.1pp vs forecast).,cpi,0.0089332982217964,-0.0128950281306428,2023-09-13 00:00:00-04:00,2023-09-14 00:00:00-04:00,,,,,,,,,,,,,
,2023-09-20 00:00:00-04:00,,,,5.50%,+0.00%,,"The Federal Reserve held rates steady to 5.50% (vs 5.50% previously). Market expected 5.50%, in line with expectations.",fed,-0.0163809878901481,-0.0023888596808169,2023-09-20 00:00:00-04:00,2023-09-21 00:00:00-04:00,,,,,,,,,,,5.50%,5.50%,+0.00%
,2023-10-06 00:00:00-04:00,,,,,166K,,Sep jobs report showed 336K vs 170K expected. Big upside surprise. Aug was revised up by 40K.,jobs,0.0065834588603737,0.00522811686953,2023-10-08 00:00:00-04:00,2023-10-09 00:00:00-04:00,Sep,336K,170K,Aug,187K,227K,40K,Aug was revised up by 40K.,,,,,
Sep,2023-10-06 00:00:00-04:00,,,3.7%,3.7%,+0.1%,+0.0%,"Unemployment was unchanged to 3.8% (vs 3.8% last month). Market expected 3.7%, negative surprise (+0.1pp vs forecast).",unemployment,0.0065834588603737,0.00522811686953,2023-10-08 00:00:00-04:00,2023-10-09 00:00:00-04:00,,,,,,,,,3.8%,3.8%,,,
Sep,2023-10-12 00:00:00-04:00,3.7%,3.7%,3.6%,3.6%,+0.1pp,+0.0pp,Headline CPI remained flat to 3.7% (vs 3.7% last month). This was a negative surprise for markets (+0.1pp vs forecast).,cpi,-0.0052559296969459,0.0104059470960775,2023-10-12 00:00:00-04:00,2023-10-15 00:00:00-04:00,,,,,,,,,,,,,
,2023-11-01 00:00:00-04:00,,,,5.50%,+0.00%,,"The Federal Reserve held rates steady to 5.50% (vs 5.50% previously). Market expected 5.50%, in line with expectations.",fed,0.0192683668576787,0.0089667682531566,2023-11-01 00:00:00-04:00,2023-11-02 00:00:00-04:00,,,,,,,,,,,5.50%,5.50%,+0.00%
Oct,2023-11-03 00:00:00-04:00,,,3.8%,3.8%,+0.1%,+0.1%,"Unemployment ticked up to 3.9% (vs 3.8% last month). Market expected 3.8%, negative surprise (+0.1pp vs forecast).",unemployment,0.0024050980232424,0.0,2023-11-05 00:00:00-04:00,2023-11-05 00:00:00-04:00,,,,,,,,,3.9%,3.8%,,,
,2023-11-03 00:00:00-04:00,,,,,-30K,,Oct jobs report showed 150K vs 180K expected. Slight downside miss. Sep was revised down by 39K.,jobs,0.0024050980232424,0.0,2023-11-05 00:00:00-04:00,2023-11-05 00:00:00-04:00,Oct,150K,180K,Sep,336K,297K,-39K,Sep was revised down by 39K.,,,,,
Oct,2023-11-14 00:00:00-05:00,3.2%,3.7%,3.3%,3.3%,-0.1pp,-0.5pp,Headline CPI declined to 3.2% (vs 3.7% last month). This was a positive surprise for markets (-0.1pp vs forecast).,cpi,0.0020184916210101,0.001239635830166,2023-11-14 00:00:00-05:00,2023-11-15 00:00:00-05:00,,,,,,,,,,,,,
,2023-12-08 00:00:00-05:00,,,,,19K,,Nov jobs report showed 199K vs 180K expected. Slight upside beat. Oct was unchanged.,jobs,0.0038929998263452,0.0049553827688775,2023-12-10 00:00:00-05:00,2023-12-11 00:00:00-05:00,Nov,199K,180K,Oct,150K,150K,0K,Oct was unchanged.,,,,,
Nov,2023-12-08 00:00:00-05:00,,,3.9%,3.9%,-0.2%,-0.2%,"Unemployment ticked down to 3.7% (vs 3.9% last month). Market expected 3.9%, positive surprise (-0.2pp vs forecast).",unemployment,0.0038929998263452,0.0049553827688775,2023-12-10 00:00:00-05:00,2023-12-11 00:00:00-05:00,,,,,,,,,3.7%,3.9%,,,
Nov,2023-12-12 00:00:00-05:00,3.1%,3.2%,3.1%,3.1%,+0.0pp,-0.1pp,Headline CPI declined to 3.1% (vs 3.2% last month). CPI was exactly in line with expectations.,cpi,0.0136992368266788,0.0031300028904028,2023-12-12 00:00:00-05:00,2023-12-13 00:00:00-05:00,,,,,,,,,,,,,
,2023-12-13 00:00:00-05:00,,,,5.50%,+0.00%,,"The Federal Reserve held rates steady to 5.50% (vs 5.50% previously). Market expected 5.50%, in line with expectations.",fed,0.0031300028904028,-0.0016866606478047,2023-12-13 00:00:00-05:00,2023-12-14 00:00:00-05:00,,,,,,,,,,,5.50%,5.50%,+0.00%
,2024-01-05 00:00:00-05:00,,,,,46K,,Dec jobs report showed 216K vs 170K expected. Slight upside beat. Nov was revised down by 26K.,jobs,0.0137624473988871,-0.0009441633449612,2024-01-07 00:00:00-05:00,2024-01-08 00:00:00-05:00,Dec,216K,170K,Nov,199K,173K,-26K,Nov was revised down by 26K.,,,,,
Dec,2024-01-05 00:00:00-05:00,,,3.8%,3.8%,-0.1%,+0.0%,"Unemployment was unchanged to 3.7% (vs 3.7% last month). Market expected 3.8%, positive surprise (-0.1pp vs forecast).",unemployment,0.0137624473988871,-0.0009441633449612,2024-01-07 00:00:00-05:00,2024-01-08 00:00:00-05:00,,,,,,,,,3.7%,3.7%,,,
Dec,2024-01-11 00:00:00-05:00,3.4%,3.1%,3.2%,3.2%,+0.2pp,+0.3pp,Headline CPI rose to 3.4% (vs 3.1% last month). This was a negative surprise for markets (+0.2pp vs forecast).,cpi,0.0008567129813774,-0.0034657719921326,2024-01-11 00:00:00-05:00,2024-01-15 00:00:00-05:00,,,,,,,,,,,,,
,2024-01-31 00:00:00-05:00,,,,5.50%,+0.00%,,"The Federal Reserve held rates steady to 5.50% (vs 5.50% previously). Market expected 5.50%, in line with expectations.",fed,0.0132728652852704,0.0103123213172866,2024-01-31 00:00:00-05:00,2024-02-01 00:00:00-05:00,,,,,,,,,,,5.50%,5.50%,+0.00%
,2024-02-02 00:00:00-05:00,,,,,166K,,Jan jobs report showed 353K vs 187K expected. Big upside surprise. Dec was revised up by 117K.,jobs,-0.0033419847638231,0.0027068738562201,2024-02-04 00:00:00-05:00,2024-02-05 00:00:00-05:00,Jan,353K,187K,Dec,216K,333K,117K,Dec was revised up by 117K.,,,,,
Jan,2024-02-02 00:00:00-05:00,,,3.8%,3.8%,-0.1%,+0.0%,"Unemployment was unchanged to 3.7% (vs 3.7% last month). Market expected 3.8%, positive surprise (-0.1pp vs forecast).",unemployment,-0.0033419847638231,0.0027068738562201,2024-02-04 00:00:00-05:00,2024-02-05 00:00:00-05:00,,,,,,,,,3.7%,3.7%,,,
Jan,2024-02-13 00:00:00-05:00,3.1%,3.4%,2.9%,2.9%,+0.2pp,-0.3pp,Headline CPI declined to 3.1% (vs 3.4% last month). This was a negative surprise for markets (+0.2pp vs forecast).,cpi,0.0089203650004336,0.0065861280605707,2024-02-13 00:00:00-05:00,2024-02-14 00:00:00-05:00,,,,,,,,,,,,,
,2024-03-08 00:00:00-05:00,,,,,77K,,Feb jobs report showed 275K vs 198K expected. Big upside surprise. Jan was sharply revised down by 124K.,jobs,-0.0004861379859578,0.0104273179659519,2024-03-10 00:00:00-05:00,2024-03-11 00:00:00-04:00,Feb,275K,198K,Jan,353K,229K,-124K,Jan was sharply revised down by 124K.,,,,,
Feb,2024-03-08 00:00:00-05:00,,,3.7%,3.7%,+0.2%,+0.2%,"Unemployment ticked up to 3.9% (vs 3.7% last month). Market expected 3.7%, negative surprise (+0.2pp vs forecast).",unemployment,-0.0004861379859578,0.0104273179659519,2024-03-10 00:00:00-05:00,2024-03-11 00:00:00-04:00,,,,,,,,,3.9%,3.7%,,,
Feb,2024-03-12 00:00:00-04:00,3.2%,3.1%,3.1%,3.1%,+0.1pp,+0.1pp,Headline CPI rose to 3.2% (vs 3.1% last month). This was a negative surprise for markets (+0.1pp vs forecast).,cpi,-0.0015979649798519,-0.0021790492773547,2024-03-12 00:00:00-04:00,2024-03-13 00:00:00-04:00,,,,,,,,,,,,,
,2024-03-20 00:00:00-04:00,,,,5.50%,+0.00%,,"The Federal Reserve held rates steady to 5.50% (vs 5.50% previously). Market expected 5.50%, in line with expectations.",fed,0.0030880084178932,-0.0013341949590165,2024-03-20 00:00:00-04:00,2024-03-21 00:00:00-04:00,,,,,,,,,,,5.50%,5.50%,+0.00%
,2024-04-05 00:00:00-04:00,,,,,91K,,Mar jobs report showed 303K vs 212K expected. Big upside surprise. Feb was revised down by 5K.,jobs,0.0002686028625085,0.0012472686970923,2024-04-07 00:00:00-04:00,2024-04-08 00:00:00-04:00,Mar,303K,212K,Feb,275K,270K,-5K,Feb was revised down by 5K.,,,,,
Mar,2024-04-05 00:00:00-04:00,,,3.9%,3.9%,-0.1%,-0.1%,"Unemployment ticked down to 3.8% (vs 3.9% last month). Market expected 3.9%, positive surprise (-0.1pp vs forecast).",unemployment,0.0002686028625085,0.0012472686970923,2024-04-07 00:00:00-04:00,2024-04-08 00:00:00-04:00,,,,,,,,,3.8%,3.9%,,,
Mar,2024-04-10 00:00:00-04:00,3.5%,3.2%,3.4%,3.4%,+0.1pp,+0.3pp,Headline CPI rose to 3.5% (vs 3.2% last month). This was a negative surprise for markets (+0.1pp vs forecast).,cpi,0.0074896545487288,-0.0139841608764397,2024-04-10 00:00:00-04:00,2024-04-11 00:00:00-04:00,,,,,,,,,,,,,
,2024-05-01 00:00:00-04:00,,,,5.50%,+0.00%,,"The Federal Reserve held rates steady to 5.50% (vs 5.50% previously). Market expected 5.50%, in line with expectations.",fed,0.0091475599379968,0.0125725356823003,2024-05-01 00:00:00-04:00,2024-05-02 00:00:00-04:00,,,,,,,,,,,5.50%,5.50%,+0.00%
,2024-05-03 00:00:00-04:00,,,,,-63K,,Apr jobs report showed 175K vs 238K expected. Significant downside surprise. Mar was revised up by 12K.,jobs,0.0104117382959276,0.0012905365731215,2024-05-05 00:00:00-04:00,2024-05-06 00:00:00-04:00,Apr,175K,238K,Mar,303K,315K,12K,Mar was revised up by 12K.,,,,,
Apr,2024-05-03 00:00:00-04:00,,,3.8%,3.8%,+0.1%,+0.1%,"Unemployment ticked up to 3.9% (vs 3.8% last month). Market expected 3.8%, negative surprise (+0.1pp vs forecast).",unemployment,0.0104117382959276,0.0012905365731215,2024-05-05 00:00:00-04:00,2024-05-06 00:00:00-04:00,,,,,,,,,3.9%,3.8%,,,
Apr,2024-05-15 00:00:00-04:00,3.4%,3.5%,3.4%,3.4%,+0.0pp,-0.1pp,Headline CPI declined to 3.4% (vs 3.5% last month). CPI was exactly in line with expectations.,cpi,-0.0023473147015835,0.0016942159283632,2024-05-15 00:00:00-04:00,2024-05-16 00:00:00-04:00,,,,,,,,,,,,,
May,2024-06-07 00:00:00-04:00,,,3.9%,3.9%,+0.1%,+0.1%,"Unemployment ticked up to 4.0% (vs 3.9% last month). Market expected 3.9%, negative surprise (+0.1pp vs forecast).",unemployment,0.0029812943291931,0.0024797362172097,2024-06-09 00:00:00-04:00,2024-06-10 00:00:00-04:00,,,,,,,,,4.0%,3.9%,,,
,2024-06-07 00:00:00-04:00,,,,,90K,,May jobs report showed 272K vs 182K expected. Big upside surprise. Apr was revised down by 10K.,jobs,0.0029812943291931,0.0024797362172097,2024-06-09 00:00:00-04:00,2024-06-10 00:00:00-04:00,May,272K,182K,Apr,175K,165K,-10K,Apr was revised down by 10K.,,,,,
,2024-06-12 00:00:00-04:00,,,,5.50%,+0.00%,,"The Federal Reserve held rates steady to 5.50% (vs 5.50% previously). Market expected 5.50%, in line with expectations.",fed,0.0021011259224927,0.000349605146479,2024-06-12 00:00:00-04:00,2024-06-13 00:00:00-04:00,,,,,,,,,,,5.50%,5.50%,+0.00%
May,2024-06-12 00:00:00-04:00,3.3%,3.4%,3.4%,3.4%,-0.1pp,-0.1pp,Headline CPI declined to 3.3% (vs 3.4% last month). This was a positive surprise for markets (-0.1pp vs forecast).,cpi,0.0021011259224927,0.000349605146479,2024-06-12 00:00:00-04:00,2024-06-13 00:00:00-04:00,,,,,,,,,,,,,
,2024-07-05 00:00:00-04:00,,,,,15K,,Jun jobs report showed 206K vs 191K expected. Slight upside beat. May was revised down by 54K.,jobs,0.0011653076217996,0.0009312718081586,2024-07-07 00:00:00-04:00,2024-07-08 00:00:00-04:00,Jun,206K,191K,May,272K,218K,-54K,May was revised down by 54K.,,,,,
Jun,2024-07-05 00:00:00-04:00,,,4.0%,4.0%,+0.1%,+0.1%,"Unemployment ticked up to 4.1% (vs 4.0% last month). Market expected 4.0%, negative surprise (+0.1pp vs forecast).",unemployment,0.0011653076217996,0.0009312718081586,2024-07-07 00:00:00-04:00,2024-07-08 00:00:00-04:00,,,,,,,,,4.1%,4.0%,,,
Jun,2024-07-11 00:00:00-04:00,3.0%,3.3%,3.1%,3.1%,-0.1pp,-0.3pp,Headline CPI declined to 3.0% (vs 3.3% last month). This was a positive surprise for markets (-0.1pp vs forecast).,cpi,0.0063990618277747,0.002788313347344,2024-07-11 00:00:00-04:00,2024-07-14 00:00:00-04:00,,,,,,,,,,,,,
,2024-07-31 00:00:00-04:00,,,,5.50%,+0.00%,,"The Federal Reserve held rates steady to 5.50% (vs 5.50% previously). Market expected 5.50%, in line with expectations.",fed,-0.0131388428412086,-0.0188260776357301,2024-07-31 00:00:00-04:00,2024-08-01 00:00:00-04:00,,,,,,,,,,,5.50%,5.50%,+0.00%
,2024-08-02 00:00:00-04:00,,,,,-62K,,Jul jobs report showed 114K vs 176K expected. Significant downside surprise. Jun was revised down by 27K.,jobs,-0.0290984082683113,0.0094967528605751,2024-08-04 00:00:00-04:00,2024-08-05 00:00:00-04:00,Jul,114K,176K,Jun,206K,179K,-27K,Jun was revised down by 27K.,,,,,
Jul,2024-08-02 00:00:00-04:00,,,4.1%,4.1%,+0.2%,+0.2%,"Unemployment ticked up to 4.3% (vs 4.1% last month). Market expected 4.1%, negative surprise (+0.2pp vs forecast).",unemployment,-0.0290984082683113,0.0094967528605751,2024-08-04 00:00:00-04:00,2024-08-05 00:00:00-04:00,,,,,,,,,4.3%,4.1%,,,
Jul,2024-08-14 00:00:00-04:00,2.9%,3.0%,3.0%,3.0%,-0.1pp,-0.1pp,Headline CPI declined to 2.9% (vs 3.0% last month). This was a positive surprise for markets (-0.1pp vs forecast).,cpi,0.0171174817463199,0.0022654133545028,2024-08-14 00:00:00-04:00,2024-08-15 00:00:00-04:00,,,,,,,,,,,,,
Aug,2024-09-06 00:00:00-04:00,,,4.2%,4.2%,+0.0%,-0.1%,"Unemployment ticked down to 4.2% (vs 4.3% last month). Market expected 4.2%, in line with expectations.",unemployment,0.011226104958331,0.003694600001644,2024-09-08 00:00:00-04:00,2024-09-09 00:00:00-04:00,,,,,,,,,4.2%,4.3%,,,
,2024-09-06 00:00:00-04:00,,,,,-22K,,Aug jobs report showed 142K vs 164K expected. Slight downside miss. Jul was revised down by 25K.,jobs,0.011226104958331,0.003694600001644,2024-09-08 00:00:00-04:00,2024-09-09 00:00:00-04:00,Aug,142K,164K,Jul,114K,89K,-25K,Jul was revised down by 25K.,,,,,
Aug,2024-09-11 00:00:00-04:00,2.5%,2.9%,2.5%,2.5%,+0.0pp,-0.4pp,Headline CPI declined to 2.5% (vs 2.9% last month). CPI was exactly in line with expectations.,cpi,0.0084670251513467,0.0051231215459459,2024-09-11 00:00:00-04:00,2024-09-12 00:00:00-04:00,,,,,,,,,,,,,
,2024-09-18 00:00:00-04:00,,,,5.25%,-0.25%,,"The Federal Reserve cut rates to 5.00% (vs 5.50% previously). Market expected 5.25%, dovish surprise (-0.25pp vs forecast).",fed,0.0171475218229428,-0.0020899027793821,2024-09-18 00:00:00-04:00,2024-09-19 00:00:00-04:00,,,,,,,,,,,5.00%,5.50%,-0.50%
,2024-10-04 00:00:00-04:00,,,,,107K,,Sep jobs report showed 254K vs 147K expected. Big upside surprise. Aug was revised up by 17K.,jobs,-0.0089630352146158,0.0094822485734442,2024-10-06 00:00:00-04:00,2024-10-07 00:00:00-04:00,Sep,254K,147K,Aug,142K,159K,17K,Aug was revised up by 17K.,,,,,
Sep,2024-10-04 00:00:00-04:00,,,4.2%,4.2%,-0.1%,-0.1%,"Unemployment ticked down to 4.1% (vs 4.2% last month). Market expected 4.2%, positive surprise (-0.1pp vs forecast).",unemployment,-0.0089630352146158,0.0094822485734442,2024-10-06 00:00:00-04:00,2024-10-07 00:00:00-04:00,,,,,,,,,4.1%,4.2%,,,
Sep,2024-10-10 00:00:00-04:00,2.4%,2.5%,2.3%,2.3%,+0.1pp,-0.1pp,Headline CPI declined to 2.4% (vs 2.5% last month). This was a negative surprise for markets (+0.1pp vs forecast).,cpi,0.0060812908682892,0.0082425729214181,2024-10-10 00:00:00-04:00,2024-10-13 00:00:00-04:00,,,,,,,,,,,,,
,2024-11-01 00:00:00-04:00,,,,,-94K,,Oct jobs report showed 12K vs 106K expected. Significant downside surprise. Sep was revised down by 31K.,jobs,-0.0020044379302092,0.0,2024-11-03 00:00:00-04:00,2024-11-03 00:00:00-04:00,Oct,12K,106K,Sep,254K,223K,-31K,Sep was revised down by 31K.,,,,,
Oct,2024-11-01 00:00:00-04:00,,,4.1%,4.1%,+0.0%,+0.0%,"Unemployment was unchanged to 4.1% (vs 4.1% last month). Market expected 4.1%, in line with expectations.",unemployment,-0.0020044379302092,0.0,2024-11-03 00:00:00-04:00,2024-11-03 00:00:00-04:00,,,,,,,,,4.1%,4.1%,,,
,2024-11-07 00:00:00-05:00,,,,4.75%,+0.00%,,"The Federal Reserve cut rates to 4.75% (vs 5.00% previously). Market expected 4.75%, in line with expectations.",fed,0.0043775801088097,0.0007650521080251,2024-11-07 00:00:00-05:00,2024-11-10 00:00:00-05:00,,,,,,,,,,,4.75%,5.00%,-0.25%
Oct,2024-11-13 00:00:00-05:00,2.6%,2.4%,2.6%,2.6%,+0.0pp,+0.2pp,Headline CPI rose to 2.6% (vs 2.4% last month). CPI was exactly in line with expectations.,cpi,-0.0066143704164494,-0.0126966091552488,2024-11-13 00:00:00-05:00,2024-11-14 00:00:00-05:00,,,,,,,,,,,,,
,2024-12-06 00:00:00-05:00,,,,,25K,,Nov jobs report showed 227K vs 202K expected. Slight upside beat. Oct was revised up by 24K.,jobs,-0.0051569125077477,-0.0028961874606928,2024-12-08 00:00:00-05:00,2024-12-09 00:00:00-05:00,Nov,227K,202K,Oct,12K,36K,24K,Oct was revised up by 24K.,,,,,
Nov,2024-12-06 00:00:00-05:00,,,4.2%,4.2%,+0.0%,+0.1%,"Unemployment ticked up to 4.2% (vs 4.1% last month). Market expected 4.2%, in line with expectations.",unemployment,-0.0051569125077477,-0.0028961874606928,2024-12-08 00:00:00-05:00,2024-12-09 00:00:00-05:00,,,,,,,,,4.2%,4.1%,,,
Nov,2024-12-11 00:00:00-05:00,2.7%,2.6%,2.7%,2.7%,+0.0pp,+0.1pp,Headline CPI rose to 2.7% (vs 2.6% last month). CPI was exactly in line with expectations.,cpi,-0.0053064092775708,-0.0001812369063691,2024-12-11 00:00:00-05:00,2024-12-12 00:00:00-05:00,,,,,,,,,,,,,
,2024-12-18 00:00:00-05:00,,,,4.50%,+0.00%,,"The Federal Reserve cut rates to 4.50% (vs 4.75% previously). Market expected 4.50%, in line with expectations.",fed,-0.0007321692320129,0.0110765090848807,2024-12-18 00:00:00-05:00,2024-12-19 00:00:00-05:00,,,,,,,,,,,4.50%,4.75%,-0.25%
Dec,2025-01-10 00:00:00-05:00,,,4.2%,4.2%,-0.1%,-0.1%,"Unemployment ticked down to 4.1% (vs 4.2% last month). Market expected 4.2%, positive surprise (-0.1pp vs forecast).",unemployment,0.0014570423608823,0.0013865866429516,2025-01-12 00:00:00-05:00,2025-01-13 00:00:00-05:00,,,,,,,,,4.1%,4.2%,,,
,2025-01-10 00:00:00-05:00,,,,,92K,,Dec jobs report showed 256K vs 164K expected. Big upside surprise. Nov was revised down by 15K.,jobs,0.0014570423608823,0.0013865866429516,2025-01-12 00:00:00-05:00,2025-01-13 00:00:00-05:00,Dec,256K,164K,Nov,227K,212K,-15K,Nov was revised down by 15K.,,,,,
Dec,2025-01-15 00:00:00-05:00,2.9%,2.7%,2.9%,2.9%,+0.0pp,+0.2pp,Headline CPI rose to 2.9% (vs 2.7% last month). CPI was exactly in line with expectations.,cpi,-0.0016955583876728,0.0094849778492427,2025-01-15 00:00:00-05:00,2025-01-16 00:00:00-05:00,,,,,,,,,,,,,
,2025-01-29 00:00:00-05:00,,,,4.50%,+0.00%,,"The Federal Reserve held rates steady to 4.50% (vs 4.50% previously). Market expected 4.50%, in line with expectations.",fed,0.0050090457461235,-0.0053953456796471,2025-01-29 00:00:00-05:00,2025-01-30 00:00:00-05:00,,,,,,,,,,,4.50%,4.50%,+0.00%
Jan,2025-02-07 00:00:00-05:00,,,4.1%,4.1%,-0.1%,-0.1%,"Unemployment ticked down to 4.0% (vs 4.1% last month). Market expected 4.1%, positive surprise (-0.1pp vs forecast).",unemployment,0.0065418558751286,0.0007898441563507,2025-02-09 00:00:00-05:00,2025-02-10 00:00:00-05:00,,,,,,,,,4.0%,4.1%,,,
,2025-02-07 00:00:00-05:00,,,,,-26K,,Jan jobs report showed 143K vs 169K expected. Slight downside miss. Dec was revised up by 51K.,jobs,0.0065418558751286,0.0007898441563507,2025-02-09 00:00:00-05:00,2025-02-10 00:00:00-05:00,Jan,143K,169K,Dec,256K,307K,51K,Dec was revised up by 51K.,,,,,
Jan,2025-02-12 00:00:00-05:00,3.0%,2.9%,2.9%,2.9%,+0.1pp,+0.1pp,Headline CPI rose to 3.0% (vs 2.9% last month). This was a negative surprise for markets (+0.1pp vs forecast).,cpi,0.0106562461723254,1.643989634048104e-05,2025-02-12 00:00:00-05:00,2025-02-13 00:00:00-05:00,,,,,,,,,,,,,
Feb,2025-03-07 00:00:00-05:00,,,4.0%,4.0%,+0.1%,+0.1%,"Unemployment ticked up to 4.1% (vs 4.0% last month). Market expected 4.0%, negative surprise (+0.1pp vs forecast).",unemployment,-0.0260497156598202,-0.0085191534344704,2025-03-09 00:00:00-05:00,2025-03-10 00:00:00-04:00,,,,,,,,,4.1%,4.0%,,,
,2025-03-07 00:00:00-05:00,,,,,-8K,,Feb jobs report showed 151K vs 159K expected. Slight downside miss. Jan was revised down by 18K.,jobs,-0.0260497156598202,-0.0085191534344704,2025-03-09 00:00:00-05:00,2025-03-10 00:00:00-04:00,Feb,151K,159K,Jan,143K,125K,-18K,Jan was revised down by 18K.,,,,,
Feb,2025-03-12 00:00:00-04:00,2.8%,3.0%,2.9%,2.9%,-0.1pp,-0.2pp,Headline CPI declined to 2.8% (vs 3.0% last month). This was a positive surprise for markets (-0.1pp vs forecast).,cpi,-0.0132151463585991,0.0207559319091747,2025-03-12 00:00:00-04:00,2025-03-13 00:00:00-04:00,,,,,,,,,,,,,
,2025-03-19 00:00:00-04:00,,,,4.50%,+0.00%,,"The Federal Reserve held rates steady to 4.50% (vs 4.50% previously). Market expected 4.50%, in line with expectations.",fed,-0.0022358856685581,-0.0002822861396208,2025-03-19 00:00:00-04:00,2025-03-20 00:00:00-04:00,,,,,,,,,,,4.50%,4.50%,+0.00%
Mar,2025-04-04 00:00:00-04:00,,,4.1%,4.1%,+0.1%,+0.1%,"Unemployment ticked up to 4.2% (vs 4.1% last month). Market expected 4.1%, negative surprise (+0.1pp vs forecast).",unemployment,-0.0024231091483452,-0.0149690383105188,2025-04-06 00:00:00-04:00,2025-04-07 00:00:00-04:00,,,,,,,,,4.2%,4.1%,,,
,2025-04-04 00:00:00-04:00,,,,,91K,,Mar jobs report showed 228K vs 137K expected. Big upside surprise. Feb was revised down by 34K.,jobs,-0.0024231091483452,-0.0149690383105188,2025-04-06 00:00:00-04:00,2025-04-07 00:00:00-04:00,Mar,228K,137K,Feb,151K,117K,-34K,Feb was revised down by 34K.,,,,,
Mar,2025-04-10 00:00:00-04:00,2.4%,2.8%,2.5%,2.5%,-0.1pp,-0.4pp,Headline CPI declined to 2.4% (vs 2.8% last month). This was a positive surprise for markets (-0.1pp vs forecast).,cpi,0.0188214608610519,0.008454710937068,2025-04-10 00:00:00-04:00,2025-04-13 00:00:00-04:00,,,,,,,,,,,,,
Apr,2025-05-02 00:00:00-04:00,,,4.2%,4.2%,+0.0%,+0.0%,"Unemployment was unchanged to 4.2% (vs 4.2% last month). Market expected 4.2%, in line with expectations.",unemployment,-0.0055678919663779,-0.0081777781622762,2025-05-04 00:00:00-04:00,2025-05-05 00:00:00-04:00,,,,,,,,,4.2%,4.2%,,,
,2025-05-02 00:00:00-04:00,,,,,39K,,Apr jobs report showed 177K vs 138K expected. Slight upside beat. Mar was revised down by 43K.,jobs,-0.0055678919663779,-0.0081777781622762,2025-05-04 00:00:00-04:00,2025-05-05 00:00:00-04:00,Apr,177K,138K,Mar,228K,185K,-43K,Mar was revised down by 43K.,,,,,
,2025-05-07 00:00:00-04:00,,,,4.50%,+0.00%,,"The Federal Reserve held rates steady to 4.50% (vs 4.50% previously). Market expected 4.50%, in line with expectations.",fed,0.0063146879210986,-0.0007756144318891,2025-05-07 00:00:00-04:00,2025-05-08 00:00:00-04:00,,,,,,,,,,,4.50%,4.50%,+0.00%
Apr,2025-05-13 00:00:00-04:00,2.3%,2.4%,2.4%,2.4%,-0.1pp,-0.1pp,Headline CPI declined to 2.3% (vs 2.4% last month). This was a positive surprise for markets (-0.1pp vs forecast).,cpi,0.0005763069053772,0.004912849687233,2025-05-13 00:00:00-04:00,2025-05-14 00:00:00-04:00,,,,,,,,,,,,,
,2025-06-06 00:00:00-04:00,,,,,13K,,May jobs report showed 139K vs 126K expected. Slight upside beat. Apr was revised down by 30K.,jobs,0.0009468630812592,0.0057420524769054,2025-06-08 00:00:00-04:00,2025-06-09 00:00:00-04:00,May,139K,126K,Apr,177K,147K,-30K,Apr was revised down by 30K.,,,,,
May,2025-06-06 00:00:00-04:00,,,4.2%,4.2%,+0.0%,+0.0%,"Unemployment was unchanged to 4.2% (vs 4.2% last month). Market expected 4.2%, in line with expectations.",unemployment,0.0009468630812592,0.0057420524769054,2025-06-08 00:00:00-04:00,2025-06-09 00:00:00-04:00,,,,,,,,,4.2%,4.2%,,,
May,2025-06-11 00:00:00-04:00,2.4%,2.3%,2.5%,2.5%,-0.1pp,+0.1pp,Headline CPI rose to 2.4% (vs 2.3% last month). This was a positive surprise for markets (-0.1pp vs forecast).,cpi,0.0036405558714336,-0.0110799082063235,2025-06-11 00:00:00-04:00,2025-06-12 00:00:00-04:00,,,,,,,,,,,,,
,2025-06-18 00:00:00-04:00,,,,4.50%,+0.00%,,"The Federal Reserve held rates steady to 4.50% (vs 4.50% previously). Market expected 4.50%, in line with expectations.",fed,-0.0032742340527274,0.0105085305089356,2025-06-19 00:00:00-04:00,2025-06-22 00:00:00-04:00,,,,,,,,,,,4.50%,4.50%,+0.00%
,2025-07-03 00:00:00-04:00,,,,,36K,,Jun jobs report showed 147K vs 111K expected. Slight upside beat. May was revised up by 5K.,jobs,-0.006908903542647,-0.000801500386808,2025-07-06 00:00:00-04:00,2025-07-07 00:00:00-04:00,Jun,147K,111K,May,139K,144K,5K,May was revised up by 5K.,,,,,
Jun,2025-07-03 00:00:00-04:00,,,4.3%,4.3%,-0.2%,-0.1%,"Unemployment ticked down to 4.1% (vs 4.2% last month). Market expected 4.3%, positive surprise (-0.2pp vs forecast).",unemployment,-0.006908903542647,-0.000801500386808,2025-07-06 00:00:00-04:00,2025-07-07 00:00:00-04:00,,,,,,,,,4.1%,4.2%,,,
Jun,2025-07-15 00:00:00-04:00,2.7%,2.4%,2.6%,2.6%,+0.1pp,+0.3pp,Headline CPI rose to 2.7% (vs 2.4% last month). This was a negative surprise for markets (+0.1pp vs forecast).,cpi,0.0036160735386778,0.0058668675580411,2025-07-15 00:00:00-04:00,2025-07-16 00:00:00-04:00,,,,,,,,,,,,,
,2025-07-30 00:00:00-04:00,,,,4.50%,+0.00%,,"The Federal Reserve held rates steady to 4.50% (vs 4.50% previously). Market expected 4.50%, in line with expectations.",fed,-0.0040940303863182,-0.0161442740681252,2025-07-30 00:00:00-04:00,2025-07-31 00:00:00-04:00,,,,,,,,,,,4.50%,4.50%,+0.00%
,2025-08-01 00:00:00-04:00,,,,,-33K,,Jul jobs report showed 73K vs 106K expected. Slight downside miss. Jun was sharply revised down by 133K.,jobs,0.015240467660309,-0.0048094168364333,2025-08-03 00:00:00-04:00,2025-08-04 00:00:00-04:00,Jul,73K,106K,Jun,147K,14K,-133K,Jun was sharply revised down by 133K.,,,,,
Jul,2025-08-01 00:00:00-04:00,,,4.2%,4.2%,+0.0%,+0.1%,"Unemployment ticked up to 4.2% (vs 4.1% last month). Market expected 4.2%, in line with expectations.",unemployment,0.015240467660309,-0.0048094168364333,2025-08-03 00:00:00-04:00,2025-08-04 00:00:00-04:00,,,,,,,,,4.2%,4.1%,,,
