release_date,event_type,headline_value,forecast_value,surprise,change_from_previous,revision_value,revision_change,meta_commentary,same_day_return,next_day_return,reference_month
2018-10-05 00:00:00-04:00,jobs,134K,185K,-51K,,270K,69K,Sep jobs report showed 134K vs 185K expected. Significant downside surprise. Aug was revised up by 69K.,3.4625157933065864e-05,-0.0012071278248263,Sep
2018-10-05 00:00:00-04:00,unemployment,3.7%,3.8%,-0.1%,-0.2%,,,"Unemployment ticked down to 3.7% (vs 3.9% last month). Market expected 3.8%, positive surprise (-0.1pp vs forecast).",3.4625157933065864e-05,-0.0012071278248263,Sep
2018-10-11 00:00:00-04:00,cpi,2.3%,2.4%,-0.1pp,-0.4pp,,,Headline CPI declined to 2.3% (vs 2.7% last month). This was a positive surprise for markets (-0.1pp vs forecast).,0.0134874295088287,-0.0053948866017616,Sep
2018-11-02 00:00:00-04:00,jobs,250K,193K,57K,,118K,-16K,Oct jobs report showed 250K vs 193K expected. Big upside surprise. Sep was revised down by 16K.,0.0061338163207473,0.0,Oct
2018-11-02 00:00:00-04:00,unemployment,3.7%,3.7%,+0.0%,+0.0%,,,"Unemployment was unchanged to 3.7% (vs 3.7% last month). Market expected 3.7%, in line with expectations.",0.0061338163207473,0.0,Oct
2018-11-08 00:00:00-05:00,fed,2.25%,2.25%,+0.00%,+0.00%,,,"The Federal Reserve held rates steady to 2.25% (vs 2.25% previously). Market expected 2.25%, in line with expectations.",-0.0090612930651634,-0.0194673542012721,
2018-11-14 00:00:00-05:00,cpi,2.5%,2.5%,+0.0pp,+0.2pp,,,Headline CPI rose to 2.5% (vs 2.3% last month). CPI was exactly in line with expectations.,0.0101026243391233,0.0028366875189227,Oct
2018-12-07 00:00:00-05:00,jobs,155K,200K,-45K,,237K,-13K,Nov jobs report showed 155K vs 200K expected. Slight downside miss. Oct was revised down by 13K.,0.001505706662964,0.0001878661810001,Nov
2018-12-07 00:00:00-05:00,unemployment,3.7%,3.7%,+0.0%,+0.0%,,,"Unemployment was unchanged to 3.7% (vs 3.7% last month). Market expected 3.7%, in line with expectations.",0.001505706662964,0.0001878661810001,Nov
2018-12-12 00:00:00-05:00,cpi,2.2%,2.2%,+0.0pp,-0.3pp,,,Headline CPI declined to 2.2% (vs 2.5% last month). CPI was exactly in line with expectations.,-0.0009344814330136,-0.0181113089022896,Nov
2018-12-19 00:00:00-05:00,fed,2.50%,2.50%,+0.00%,+0.25%,,,"The Federal Reserve raised rates to 2.50% (vs 2.25% previously). Market expected 2.50%, in line with expectations.",-0.017121126136632,-0.0205308142002076,
2019-01-04 00:00:00-05:00,jobs,312K,178K,134K,,176K,21K,Dec jobs report showed 312K vs 178K expected. Big upside surprise. Nov was revised up by 21K.,0.0067308276967779,0.0098526504664013,Dec
2019-01-04 00:00:00-05:00,unemployment,3.9%,3.7%,+0.2%,+0.2%,,,"Unemployment ticked up to 3.9% (vs 3.7% last month). Market expected 3.7%, negative surprise (+0.2pp vs forecast).",0.0067308276967779,0.0098526504664013,Dec
2019-01-11 00:00:00-05:00,cpi,1.9%,1.9%,+0.0pp,-0.3pp,,,Headline CPI declined to 1.9% (vs 2.2% last month). CPI was exactly in line with expectations.,-0.0048394203011816,0.0108063248835847,Dec
2019-01-30 00:00:00-05:00,fed,2.50%,2.50%,+0.00%,+0.00%,,,"The Federal Reserve held rates steady to 2.50% (vs 2.50% previously). Market expected 2.50%, in line with expectations.",0.0086168590254527,0.0005525850319958,
2019-02-01 00:00:00-05:00,jobs,304K,165K,139K,,222K,-90K,Jan jobs report showed 304K vs 165K expected. Big upside surprise. Dec was revised down by 90K.,0.0071772040047748,0.0042754617890361,Jan
2019-02-01 00:00:00-05:00,unemployment,4.0%,3.9%,+0.1%,+0.1%,,,"Unemployment ticked up to 4.0% (vs 3.9% last month). Market expected 3.9%, negative surprise (+0.1pp vs forecast).",0.0071772040047748,0.0042754617890361,Jan
2019-02-13 00:00:00-05:00,cpi,1.6%,1.5%,+0.1pp,-0.3pp,,,Headline CPI declined to 1.6% (vs 1.9% last month). This was a negative surprise for markets (+0.1pp vs forecast).,-0.0022768987937241,0.011339089887189,Jan
2019-03-08 00:00:00-05:00,jobs,20K,181K,-161K,,311K,7K,Feb jobs report showed 20K vs 181K expected. Significant downside surprise. Jan was revised up by 7K.,0.0145183747912349,0.0035331121469452,Feb
2019-03-08 00:00:00-05:00,unemployment,3.8%,3.9%,-0.1%,-0.2%,,,"Unemployment ticked down to 3.8% (vs 4.0% last month). Market expected 3.9%, positive surprise (-0.1pp vs forecast).",0.0145183747912349,0.0035331121469452,Feb
2019-03-12 00:00:00-04:00,cpi,1.5%,1.6%,-0.1pp,-0.1pp,,,Headline CPI declined to 1.5% (vs 1.6% last month). This was a positive surprise for markets (-0.1pp vs forecast).,0.0069343085060835,-0.0004943735735855,Feb
2019-03-20 00:00:00-04:00,fed,2.50%,2.50%,+0.00%,+0.00%,,,"The Federal Reserve held rates steady to 2.50% (vs 2.50% previously). Market expected 2.50%, in line with expectations.",0.0112216523379744,-0.0188788793697409,
2019-04-05 00:00:00-04:00,jobs,196K,175K,21K,,33K,13K,Mar jobs report showed 196K vs 175K expected. Slight upside beat. Feb was revised up by 13K.,0.001101389728209,-0.0051588705830525,Mar
2019-04-05 00:00:00-04:00,unemployment,3.8%,3.8%,+0.0%,+0.0%,,,"Unemployment was unchanged to 3.8% (vs 3.8% last month). Market expected 3.8%, in line with expectations.",0.001101389728209,-0.0051588705830525,Mar
2019-04-10 00:00:00-04:00,cpi,1.9%,1.8%,+0.1pp,+0.4pp,,,Headline CPI rose to 1.9% (vs 1.5% last month). This was a negative surprise for markets (+0.1pp vs forecast).,-6.89059951125559e-05,0.0067541840869029,Mar
2019-05-01 00:00:00-04:00,fed,2.50%,2.50%,+0.00%,+0.00%,,,"The Federal Reserve held rates steady to 2.50% (vs 2.50% previously). Market expected 2.50%, in line with expectations.",-0.0018379062149284,0.0093768156608624,
2019-05-03 00:00:00-04:00,jobs,263K,181K,82K,,189K,-7K,Apr jobs report showed 263K vs 181K expected. Big upside surprise. Mar was revised down by 7K.,-0.0037493655007705,-0.0169212668876757,Apr
2019-05-03 00:00:00-04:00,unemployment,3.6%,3.8%,-0.2%,-0.2%,,,"Unemployment ticked down to 3.6% (vs 3.8% last month). Market expected 3.8%, positive surprise (-0.2pp vs forecast).",-0.0037493655007705,-0.0169212668876757,Apr
2019-05-10 00:00:00-04:00,cpi,2.0%,2.1%,-0.1pp,+0.1pp,,,Headline CPI rose to 2.0% (vs 1.9% last month). This was a positive surprise for markets (-0.1pp vs forecast).,-0.0248273626388091,0.0089108476261718,Apr
2019-06-07 00:00:00-04:00,jobs,75K,185K,-110K,,224K,-39K,May jobs report showed 75K vs 185K expected. Significant downside surprise. Apr was revised down by 39K.,0.0045912979795652,-0.0001716871518807,May
2019-06-07 00:00:00-04:00,unemployment,3.6%,3.6%,+0.0%,+0.0%,,,"Unemployment was unchanged to 3.6% (vs 3.6% last month). Market expected 3.6%, in line with expectations.",0.0045912979795652,-0.0001716871518807,May
2019-06-12 00:00:00-04:00,cpi,1.8%,1.9%,-0.1pp,-0.2pp,,,Headline CPI declined to 1.8% (vs 2.0% last month). This was a positive surprise for markets (-0.1pp vs forecast).,0.0045816093048141,-0.0012687569668402,May
2019-06-19 00:00:00-04:00,fed,2.50%,2.50%,+0.00%,+0.00%,,,"The Federal Reserve held rates steady to 2.50% (vs 2.50% previously). Market expected 2.50%, in line with expectations.",0.0094801570572848,-0.0015198018269152,
2019-07-05 00:00:00-04:00,jobs,224K,160K,64K,,72K,-3K,Jun jobs report showed 224K vs 160K expected. Big upside surprise. May was revised down by 3K.,-0.0051655407461506,0.0016082467827192,Jun
2019-07-05 00:00:00-04:00,unemployment,3.7%,3.6%,+0.1%,+0.1%,,,"Unemployment ticked up to 3.7% (vs 3.6% last month). Market expected 3.6%, negative surprise (+0.1pp vs forecast).",-0.0051655407461506,0.0016082467827192,Jun
2019-07-11 00:00:00-04:00,cpi,1.6%,1.6%,+0.0pp,-0.2pp,,,Headline CPI declined to 1.6% (vs 1.8% last month). CPI was exactly in line with expectations.,0.0051839843055754,-9.933795415761892e-05,Jun
2019-07-31 00:00:00-04:00,fed,2.25%,2.25%,+0.00%,-0.25%,,,"The Federal Reserve cut rates to 2.25% (vs 2.50% previously). Market expected 2.25%, in line with expectations.",-0.0090564438972509,-0.0070823350033906,
2019-08-02 00:00:00-04:00,jobs,164K,164K,0K,,193K,-31K,Jul jobs report showed 164K vs 164K expected. Jun was revised down by 31K.,-0.0300591279811587,0.0133417810156641,Jul
2019-08-02 00:00:00-04:00,unemployment,3.7%,3.7%,+0.0%,+0.0%,,,"Unemployment was unchanged to 3.7% (vs 3.7% last month). Market expected 3.7%, in line with expectations.",-0.0300591279811587,0.0133417810156641,Jul
2019-08-13 00:00:00-04:00,cpi,1.8%,1.7%,+0.1pp,+0.2pp,,,Headline CPI rose to 1.8% (vs 1.6% last month). This was a negative surprise for markets (+0.1pp vs forecast).,-0.0294954588144452,0.00259105273905,Jul
2019-09-06 00:00:00-04:00,jobs,130K,160K,-30K,,159K,-5K,Aug jobs report showed 130K vs 160K expected. Slight downside miss. Jul was revised down by 5K.,0.000466719265898,-6.659510956852355e-05,Aug
2019-09-06 00:00:00-04:00,unemployment,3.7%,3.7%,+0.0%,+0.0%,,,"Unemployment was unchanged to 3.7% (vs 3.7% last month). Market expected 3.7%, in line with expectations.",0.000466719265898,-6.659510956852355e-05,Aug
2019-09-12 00:00:00-04:00,cpi,1.7%,1.8%,-0.1pp,-0.1pp,,,Headline CPI declined to 1.7% (vs 1.8% last month). This was a positive surprise for markets (-0.1pp vs forecast).,-0.0006930149718262,-0.002938709668122,Aug
2019-09-18 00:00:00-04:00,fed,2.00%,2.00%,+0.00%,-0.25%,,,"The Federal Reserve cut rates to 2.00% (vs 2.25% previously). Market expected 2.00%, in line with expectations.",-0.0001318888073172,-0.0055135684929061,
2019-10-04 00:00:00-04:00,jobs,136K,140K,-4K,,168K,38K,Sep jobs report showed 136K vs 140K expected. Slight downside miss. Aug was revised up by 38K.,-0.004492841801159,-0.0154738893492941,Sep
2019-10-04 00:00:00-04:00,unemployment,3.5%,3.7%,-0.2%,-0.2%,,,"Unemployment ticked down to 3.5% (vs 3.7% last month). Market expected 3.7%, positive surprise (-0.2pp vs forecast).",-0.004492841801159,-0.0154738893492941,Sep
2019-10-10 00:00:00-04:00,cpi,1.7%,1.8%,-0.1pp,+0.0pp,,,Headline CPI remained flat to 1.7% (vs 1.7% last month). This was a positive surprise for markets (-0.1pp vs forecast).,0.0099672459145743,-0.0006712265209505,Sep
2019-10-30 00:00:00-04:00,fed,1.75%,1.75%,+0.00%,-0.25%,,,"The Federal Reserve cut rates to 1.75% (vs 2.00% previously). Market expected 1.75%, in line with expectations.",-0.0029424254962004,0.0097714470818814,
2019-11-01 00:00:00-04:00,jobs,128K,89K,39K,,180K,44K,Oct jobs report showed 128K vs 89K expected. Slight upside beat. Sep was revised up by 44K.,0.0037671284519851,0.0,Oct
2019-11-01 00:00:00-04:00,unemployment,3.6%,3.6%,+0.0%,+0.1%,,,"Unemployment ticked up to 3.6% (vs 3.5% last month). Market expected 3.6%, in line with expectations.",0.0037671284519851,0.0,Oct
2019-11-13 00:00:00-05:00,cpi,1.8%,1.7%,+0.1pp,+0.1pp,,,Headline CPI rose to 1.8% (vs 1.7% last month). This was a negative surprise for markets (+0.1pp vs forecast).,0.0014155161679545,0.0074201236672968,Oct
2019-12-06 00:00:00-05:00,jobs,266K,186K,80K,,156K,28K,Nov jobs report showed 266K vs 186K expected. Big upside surprise. Oct was revised up by 28K.,-0.0029687450871737,-0.0010450172255876,Nov
2019-12-06 00:00:00-05:00,unemployment,3.5%,3.6%,-0.1%,-0.1%,,,"Unemployment ticked down to 3.5% (vs 3.6% last month). Market expected 3.6%, positive surprise (-0.1pp vs forecast).",-0.0029687450871737,-0.0010450172255876,Nov
2019-12-11 00:00:00-05:00,cpi,2.1%,2.0%,+0.1pp,+0.3pp,,,Headline CPI rose to 2.1% (vs 1.8% last month). This was a negative surprise for markets (+0.1pp vs forecast).,0.0088559667511862,0.0003445933306422,Nov
2019-12-11 00:00:00-05:00,fed,1.75%,1.75%,+0.00%,+0.00%,,,"The Federal Reserve held rates steady to 1.75% (vs 1.75% previously). Market expected 1.75%, in line with expectations.",0.0088559667511862,0.0003445933306422,
2020-01-10 00:00:00-05:00,jobs,145K,164K,-19K,,256K,-10K,Dec jobs report showed 145K vs 164K expected. Slight downside miss. Nov was revised down by 10K.,0.0070001979704326,-0.0015482677639667,Dec
2020-01-10 00:00:00-05:00,unemployment,3.5%,3.5%,+0.0%,+0.0%,,,"Unemployment was unchanged to 3.5% (vs 3.5% last month). Market expected 3.5%, in line with expectations.",0.0070001979704326,-0.0015482677639667,Dec
2020-01-14 00:00:00-05:00,cpi,2.3%,2.3%,+0.0pp,+0.2pp,,,Headline CPI rose to 2.3% (vs 2.1% last month). CPI was exactly in line with expectations.,0.0022499580920831,0.0083115134413991,Dec
2020-01-29 00:00:00-05:00,fed,1.75%,1.75%,+0.00%,+0.00%,,,"The Federal Reserve held rates steady to 1.75% (vs 1.75% previously). Market expected 1.75%, in line with expectations.",0.0030170191446152,-0.0177759208727112,
2020-02-07 00:00:00-05:00,jobs,225K,160K,65K,,147K,2K,Jan jobs report showed 225K vs 160K expected. Big upside surprise. Dec was revised up by 2K.,0.007400838521002,0.0018442934519684,Jan
2020-02-07 00:00:00-05:00,unemployment,3.6%,3.5%,+0.1%,+0.1%,,,"Unemployment ticked up to 3.6% (vs 3.5% last month). Market expected 3.5%, negative surprise (+0.1pp vs forecast).",0.007400838521002,0.0018442934519684,Jan
2020-02-13 00:00:00-05:00,cpi,2.5%,2.4%,+0.1pp,+0.2pp,,,Headline CPI rose to 2.5% (vs 2.3% last month). This was a negative surprise for markets (+0.1pp vs forecast).,0.001447503204037,-0.0023890790997334,Jan
2020-03-03 00:00:00-05:00,fed,1.25%,,,-0.50%,,,The Federal Reserve cut rates to 1.25% (vs 1.75% previously).,0.0439465087678541,-0.0349162006754232,
2020-03-06 00:00:00-05:00,jobs,273K,175K,98K,,273K,48K,Feb jobs report showed 273K vs 175K expected. Big upside surprise. Jan was revised up by 48K.,-0.0800134137044272,0.053675229699025,Feb
2020-03-06 00:00:00-05:00,unemployment,3.5%,3.6%,-0.1%,-0.1%,,,"Unemployment ticked down to 3.5% (vs 3.6% last month). Market expected 3.6%, positive surprise (-0.1pp vs forecast).",-0.0800134137044272,0.053675229699025,Feb
2020-03-11 00:00:00-04:00,cpi,2.3%,2.2%,+0.1pp,-0.2pp,,,Headline CPI declined to 2.3% (vs 2.5% last month). This was a negative surprise for markets (+0.1pp vs forecast).,-0.0962353742458991,0.0907374815421442,Feb
2020-03-15 00:00:00-04:00,fed,0.25%,,,-1.00%,,,The Federal Reserve cut rates to 0.25% (vs 1.25% previously).,-0.1157431870317412,0.0635934549987966,
2020-04-03 00:00:00-04:00,jobs,-701K,-100K,-601K,,275K,2K,Mar jobs report showed -701K vs -100K expected. Significant downside surprise. Feb was revised up by 2K.,0.0673839016567829,0.0004139091597847,Mar
2020-04-03 00:00:00-04:00,unemployment,4.4%,3.8%,+0.6%,+0.9%,,,"Unemployment ticked up to 4.4% (vs 3.5% last month). Market expected 3.8%, negative surprise (+0.6pp vs forecast).",0.0673839016567829,0.0004139091597847,Mar
2020-04-10 00:00:00-04:00,cpi,1.5%,1.6%,-0.1pp,-0.8pp,,,Headline CPI declined to 1.5% (vs 2.3% last month). This was a positive surprise for markets (-0.1pp vs forecast).,-0.0096017066338891,0.0303506300046336,Mar
2020-04-29 00:00:00-04:00,fed,0.25%,0.25%,+0.00%,+0.00%,,,"The Federal Reserve held rates steady to 0.25% (vs 0.25% previously). Market expected 0.25%, in line with expectations.",-0.0100975683670013,-0.0262053034666821,
2020-05-08 00:00:00-04:00,jobs,"-20,537K","-22,000K",1463K,,-870K,-169K,Apr jobs report showed -20537K vs -22000K expected. Big upside surprise. Mar was sharply revised down by 169K.,-3.406103670333671e-05,-0.0203781870637397,Apr
2020-05-08 00:00:00-04:00,unemployment,14.7%,16.0%,-1.3%,+10.3%,,,"Unemployment ticked up to 14.7% (vs 4.4% last month). Market expected 16.0%, positive surprise (-1.3pp vs forecast).",-3.406103670333671e-05,-0.0203781870637397,Apr
2020-05-12 00:00:00-04:00,cpi,0.3%,0.4%,-0.1pp,-1.2pp,,,Headline CPI declined to 0.3% (vs 1.5% last month). This was a positive surprise for markets (-0.1pp vs forecast).,-0.0171493299800394,0.011962719394263,Apr
2020-06-05 00:00:00-04:00,jobs,"2,509K","-8,000K",10509K,,"-20,687K",-150K,May jobs report showed 2509K vs -8000K expected. Big upside surprise. Apr was sharply revised down by 150K.,0.0122314580084876,-0.0073674239438989,May
2020-06-05 00:00:00-04:00,unemployment,13.3%,19.7%,-6.4%,-1.4%,,,"Unemployment ticked down to 13.3% (vs 14.7% last month). Market expected 19.7%, positive surprise (-6.4pp vs forecast).",0.0122314580084876,-0.0073674239438989,May
2020-06-10 00:00:00-04:00,cpi,0.1%,0.2%,-0.1pp,-0.2pp,,,Headline CPI declined to 0.1% (vs 0.3% last month). This was a positive surprise for markets (-0.1pp vs forecast).,-0.0578552340763286,0.0125003226778896,May
2020-06-10 00:00:00-04:00,fed,0.25%,0.25%,+0.00%,+0.00%,,,"The Federal Reserve held rates steady to 0.25% (vs 0.25% previously). Market expected 0.25%, in line with expectations.",-0.0578552340763286,0.0125003226778896,
2020-07-02 00:00:00-04:00,jobs,"4,800K","3,000K",1800K,,"2,699K",190K,Jun jobs report showed 4800K vs 3000K expected. Big upside surprise. May was revised up by 190K.,0.0153451926829892,-0.0103059847278601,Jun
2020-07-02 00:00:00-04:00,unemployment,11.1%,12.3%,-1.2%,-2.2%,,,"Unemployment ticked down to 11.1% (vs 13.3% last month). Market expected 12.3%, positive surprise (-1.2pp vs forecast).",0.0153451926829892,-0.0103059847278601,Jun
2020-07-14 00:00:00-04:00,cpi,0.6%,0.6%,+0.0pp,+0.5pp,,,Headline CPI rose to 0.6% (vs 0.1% last month). CPI was exactly in line with expectations.,0.0093384621509593,-0.0034654823159656,Jun
2020-07-29 00:00:00-04:00,fed,0.25%,0.25%,+0.00%,+0.00%,,,"The Federal Reserve held rates steady to 0.25% (vs 0.25% previously). Market expected 0.25%, in line with expectations.",-0.0034316942068858,0.0078706953583855,
2020-08-07 00:00:00-04:00,jobs,"1,763K","1,600K",163K,,"4,791K",-9K,Jul jobs report showed 1763K vs 1600K expected. Big upside surprise. Jun was revised down by 9K.,0.0030062450335153,-0.0083688967735318,Jul
2020-08-07 00:00:00-04:00,unemployment,10.2%,10.5%,-0.3%,-0.9%,,,"Unemployment ticked down to 10.2% (vs 11.1% last month). Market expected 10.5%, positive surprise (-0.3pp vs forecast).",0.0030062450335153,-0.0083688967735318,Jul
2020-08-12 00:00:00-04:00,cpi,1.0%,0.8%,+0.2pp,+0.4pp,,,Headline CPI rose to 1.0% (vs 0.6% last month). This was a negative surprise for markets (+0.2pp vs forecast).,-0.0017120478287362,-8.858548790979803e-05,Jul
2020-09-04 00:00:00-04:00,jobs,"1,371K","1,400K",-29K,,"1,734K",-29K,Aug jobs report showed 1371K vs 1400K expected. Slight downside miss. Jul was revised down by 29K.,-0.0271818665689697,0.0195737897985306,Aug
2020-09-04 00:00:00-04:00,unemployment,8.4%,9.8%,-1.4%,-1.8%,,,"Unemployment ticked down to 8.4% (vs 10.2% last month). Market expected 9.8%, positive surprise (-1.4pp vs forecast).",-0.0271818665689697,0.0195737897985306,Aug
2020-09-11 00:00:00-04:00,cpi,1.3%,1.2%,+0.1pp,+0.3pp,,,Headline CPI rose to 1.3% (vs 1.0% last month). This was a negative surprise for markets (+0.1pp vs forecast).,0.0132985655855131,0.0050903595123803,Aug
2020-09-16 00:00:00-04:00,fed,0.25%,0.25%,+0.00%,+0.00%,,,"The Federal Reserve held rates steady to 0.25% (vs 0.25% previously). Market expected 0.25%, in line with expectations.",-0.0085831808089018,-0.0117109141640854,
2020-10-02 00:00:00-04:00,jobs,661K,850K,-189K,,"1,489K",118K,Sep jobs report showed 661K vs 850K expected. Significant downside surprise. Aug was revised up by 118K.,0.0174600514378397,-0.0141975169478882,Sep
2020-10-02 00:00:00-04:00,unemployment,7.9%,8.2%,-0.3%,-0.5%,,,"Unemployment ticked down to 7.9% (vs 8.4% last month). Market expected 8.2%, positive surprise (-0.3pp vs forecast).",0.0174600514378397,-0.0141975169478882,Sep
2020-10-13 00:00:00-04:00,cpi,1.4%,1.4%,+0.0pp,+0.1pp,,,Headline CPI rose to 1.4% (vs 1.3% last month). CPI was exactly in line with expectations.,-0.0062609915433057,-0.0012312977974314,Sep
2020-11-05 00:00:00-05:00,fed,0.25%,0.25%,+0.00%,+0.00%,,,"The Federal Reserve held rates steady to 0.25% (vs 0.25% previously). Market expected 0.25%, in line with expectations.",-8.541862243205411e-05,0.0124912608260834,
2020-11-06 00:00:00-05:00,jobs,638K,600K,38K,,672K,11K,Oct jobs report showed 638K vs 600K expected. Slight upside beat. Sep was revised up by 11K.,0.0124912608260834,-0.0012925092914901,Oct
2020-11-06 00:00:00-05:00,unemployment,6.9%,7.7%,-0.8%,-1.0%,,,"Unemployment ticked down to 6.9% (vs 7.9% last month). Market expected 7.7%, positive surprise (-0.8pp vs forecast).",0.0124912608260834,-0.0012925092914901,Oct
2020-11-12 00:00:00-05:00,cpi,1.2%,1.3%,-0.1pp,-0.2pp,,,Headline CPI declined to 1.2% (vs 1.4% last month). This was a positive surprise for markets (-0.1pp vs forecast).,0.0135957103154875,0.0124115910198965,Oct
2020-12-04 00:00:00-05:00,jobs,245K,469K,-224K,,610K,-28K,Nov jobs report showed 245K vs 469K expected. Significant downside surprise. Oct was revised down by 28K.,-0.0018590213371596,0.0027802203874354,Nov
2020-12-04 00:00:00-05:00,unemployment,6.7%,6.8%,-0.1%,-0.2%,,,"Unemployment ticked down to 6.7% (vs 6.9% last month). Market expected 6.8%, positive surprise (-0.1pp vs forecast).",-0.0018590213371596,0.0027802203874354,Nov
2020-12-10 00:00:00-05:00,cpi,1.2%,1.1%,+0.1pp,+0.0pp,,,Headline CPI remained flat to 1.2% (vs 1.2% last month). This was a negative surprise for markets (+0.1pp vs forecast).,-0.0012496711450177,-0.0045354035834865,Nov
2020-12-16 00:00:00-05:00,fed,0.25%,0.25%,+0.00%,+0.00%,,,"The Federal Reserve held rates steady to 0.25% (vs 0.25% previously). Market expected 0.25%, in line with expectations.",0.0055690987420651,-0.0039521577767772,
2021-01-08 00:00:00-05:00,jobs,-140K,71K,-211K,,336K,91K,Dec jobs report showed -140K vs 71K expected. Significant downside surprise. Nov was revised up by 91K.,-0.0065334732968244,0.0001576892976076,Dec
2021-01-08 00:00:00-05:00,unemployment,6.7%,6.8%,-0.1%,+0.0%,,,"Unemployment was unchanged to 6.7% (vs 6.7% last month). Market expected 6.8%, positive surprise (-0.1pp vs forecast).",-0.0065334732968244,0.0001576892976076,Dec
2021-01-13 00:00:00-05:00,cpi,1.4%,1.3%,+0.1pp,+0.2pp,,,Headline CPI rose to 1.4% (vs 1.2% last month). This was a negative surprise for markets (+0.1pp vs forecast).,-0.0034630420063518,-0.0072134900750863,Dec
2021-01-27 00:00:00-05:00,fed,0.25%,0.25%,+0.00%,+0.00%,,,"The Federal Reserve held rates steady to 0.25% (vs 0.25% previously). Market expected 0.25%, in line with expectations.",0.0084604479580447,-0.0198654283255077,
2021-02-05 00:00:00-05:00,jobs,49K,50K,-1K,,-227K,-87K,Jan jobs report showed 49K vs 50K expected. Slight downside miss. Dec was revised down by 87K.,0.0075294630343629,-0.000841483858617,Jan
2021-02-05 00:00:00-05:00,unemployment,6.3%,6.7%,-0.4%,-0.4%,,,"Unemployment ticked down to 6.3% (vs 6.7% last month). Market expected 6.7%, positive surprise (-0.4pp vs forecast).",0.0075294630343629,-0.000841483858617,Jan
2021-02-10 00:00:00-05:00,cpi,1.4%,1.5%,-0.1pp,+0.0pp,,,Headline CPI remained flat to 1.4% (vs 1.4% last month). This was a positive surprise for markets (-0.1pp vs forecast).,0.0016855726044806,0.0049971537932087,Jan
2021-03-05 00:00:00-05:00,jobs,379K,182K,197K,,166K,117K,Feb jobs report showed 379K vs 182K expected. Big upside surprise. Jan was revised up by 117K.,-0.0048824358722096,0.0140921617384943,Feb
2021-03-05 00:00:00-05:00,unemployment,6.2%,6.3%,-0.1%,-0.1%,,,"Unemployment ticked down to 6.2% (vs 6.3% last month). Market expected 6.3%, positive surprise (-0.1pp vs forecast).",-0.0048824358722096,0.0140921617384943,Feb
2021-03-10 00:00:00-05:00,cpi,1.7%,1.7%,+0.0pp,+0.3pp,,,Headline CPI rose to 1.7% (vs 1.4% last month). CPI was exactly in line with expectations.,0.010282101962054,0.0015694593546793,Feb
2021-03-17 00:00:00-04:00,fed,0.25%,0.25%,+0.00%,+0.00%,,,"The Federal Reserve held rates steady to 0.25% (vs 0.25% previously). Market expected 0.25%, in line with expectations.",-0.0145957095824106,-0.0018578578021158,
2021-04-02 00:00:00-04:00,jobs,916K,647K,269K,,468K,89K,Mar jobs report showed 916K vs 647K expected. Big upside surprise. Feb was revised up by 89K.,0.0143504134886105,-0.0006129799458327,Mar
2021-04-02 00:00:00-04:00,unemployment,6.0%,6.0%,+0.0%,-0.2%,,,"Unemployment ticked down to 6.0% (vs 6.2% last month). Market expected 6.0%, in line with expectations.",0.0143504134886105,-0.0006129799458327,Mar
2021-04-13 00:00:00-04:00,cpi,2.6%,2.5%,+0.1pp,+0.9pp,,,Headline CPI rose to 2.6% (vs 1.7% last month). This was a negative surprise for markets (+0.1pp vs forecast).,-0.0033304828777264,0.0107512906648516,Mar
2021-04-28 00:00:00-04:00,fed,0.25%,0.25%,+0.00%,+0.00%,,,"The Federal Reserve held rates steady to 0.25% (vs 0.25% previously). Market expected 0.25%, in line with expectations.",0.0063249430384884,-0.0064748428471698,
2021-05-07 00:00:00-04:00,jobs,266K,978K,-712K,,770K,-146K,Apr jobs report showed 266K vs 978K expected. Significant downside surprise. Mar was sharply revised down by 146K.,-0.0097233283372122,-0.0089130343828132,Apr
2021-05-07 00:00:00-04:00,unemployment,6.1%,5.8%,+0.3%,+0.1%,,,"Unemployment ticked up to 6.1% (vs 6.0% last month). Market expected 5.8%, negative surprise (+0.3pp vs forecast).",-0.0097233283372122,-0.0089130343828132,Apr
2021-05-12 00:00:00-04:00,cpi,4.2%,3.6%,+0.6pp,+1.6pp,,,Headline CPI rose to 4.2% (vs 2.6% last month). This was a negative surprise for markets (+0.6pp vs forecast).,0.0118679074842393,0.0154441164557679,Apr
2021-06-04 00:00:00-04:00,jobs,559K,650K,-91K,,278K,12K,May jobs report showed 559K vs 650K expected. Significant downside surprise. Apr was revised up by 12K.,-0.0008486078669789,4.746563373281276e-05,May
2021-06-04 00:00:00-04:00,unemployment,5.8%,5.9%,-0.1%,-0.3%,,,"Unemployment ticked down to 5.8% (vs 6.1% last month). Market expected 5.9%, positive surprise (-0.1pp vs forecast).",-0.0008486078669789,4.746563373281276e-05,May
2021-06-10 00:00:00-04:00,cpi,5.0%,4.7%,+0.3pp,+0.8pp,,,Headline CPI rose to 5.0% (vs 4.2% last month). This was a negative surprise for markets (+0.3pp vs forecast).,0.0016509034070038,0.0024013869262682,May
2021-06-16 00:00:00-04:00,fed,0.25%,0.25%,+0.00%,+0.00%,,,"The Federal Reserve held rates steady to 0.25% (vs 0.25% previously). Market expected 0.25%, in line with expectations.",-0.0003074314253722,-0.0134453570395642,
2021-07-02 00:00:00-04:00,jobs,850K,700K,150K,,583K,24K,Jun jobs report showed 850K vs 700K expected. Big upside surprise. May was revised up by 24K.,-0.0025481587293357,0.0040963903868751,Jun
2021-07-02 00:00:00-04:00,unemployment,5.9%,5.7%,+0.2%,+0.1%,,,"Unemployment ticked up to 5.9% (vs 5.8% last month). Market expected 5.7%, negative surprise (+0.2pp vs forecast).",-0.0025481587293357,0.0040963903868751,Jun
2021-07-13 00:00:00-04:00,cpi,5.4%,4.9%,+0.5pp,+0.4pp,,,Headline CPI rose to 5.4% (vs 5.0% last month). This was a negative surprise for markets (+0.5pp vs forecast).,0.0013259010295165,-0.003424223461548,Jun
2021-07-28 00:00:00-04:00,fed,0.25%,0.25%,+0.00%,+0.00%,,,"The Federal Reserve held rates steady to 0.25% (vs 0.25% previously). Market expected 0.25%, in line with expectations.",0.0044478367129359,-0.0050608266316545,
2021-08-06 00:00:00-04:00,jobs,943K,870K,73K,,938K,88K,Jul jobs report showed 943K vs 870K expected. Big upside surprise. Jun was revised up by 88K.,-0.0006977171550904,0.0011707654142096,Jul
2021-08-06 00:00:00-04:00,unemployment,5.4%,5.7%,-0.3%,-0.5%,,,"Unemployment ticked down to 5.4% (vs 5.9% last month). Market expected 5.7%, positive surprise (-0.3pp vs forecast).",-0.0006977171550904,0.0011707654142096,Jul
2021-08-11 00:00:00-04:00,cpi,5.4%,5.3%,+0.1pp,+0.0pp,,,Headline CPI remained flat to 5.4% (vs 5.4% last month). This was a negative surprise for markets (+0.1pp vs forecast).,0.0023335002452857,0.002529721053436,Jul
2021-09-03 00:00:00-04:00,jobs,235K,750K,-515K,,"1,053K",110K,Aug jobs report showed 235K vs 750K expected. Significant downside surprise. Jul was revised up by 110K.,-0.0032302497566825,-0.0013227522663269,Aug
2021-09-03 00:00:00-04:00,unemployment,5.2%,5.2%,+0.0%,-0.2%,,,"Unemployment ticked down to 5.2% (vs 5.4% last month). Market expected 5.2%, in line with expectations.",-0.0032302497566825,-0.0013227522663269,Aug
2021-09-14 00:00:00-04:00,cpi,5.3%,5.3%,+0.0pp,-0.1pp,,,Headline CPI declined to 5.3% (vs 5.4% last month). CPI was exactly in line with expectations.,0.0083147364446249,-0.0018670685994518,Aug
2021-09-22 00:00:00-04:00,fed,0.25%,0.25%,+0.00%,+0.00%,,,"The Federal Reserve held rates steady to 0.25% (vs 0.25% previously). Market expected 0.25%, in line with expectations.",0.0119874096453167,0.0019174666254733,
2021-10-08 00:00:00-04:00,jobs,194K,500K,-306K,,366K,131K,Sep jobs report showed 194K vs 500K expected. Significant downside surprise. Aug was revised up by 131K.,-0.0074612020353783,-0.0025209815849037,Sep
2021-10-08 00:00:00-04:00,unemployment,4.8%,5.1%,-0.3%,-0.4%,,,"Unemployment ticked down to 4.8% (vs 5.2% last month). Market expected 5.1%, positive surprise (-0.3pp vs forecast).",-0.0074612020353783,-0.0025209815849037,Sep
2021-10-13 00:00:00-04:00,cpi,5.4%,5.3%,+0.1pp,+0.1pp,,,Headline CPI rose to 5.4% (vs 5.3% last month). This was a negative surprise for markets (+0.1pp vs forecast).,0.0171246423341202,0.0076755856980217,Sep
2021-11-03 00:00:00-04:00,fed,0.25%,0.25%,+0.00%,+0.00%,,,"The Federal Reserve held rates steady to 0.25% (vs 0.25% previously). Market expected 0.25%, in line with expectations.",0.0045864562653199,0.0035198441572408,
2021-11-05 00:00:00-04:00,jobs,531K,450K,81K,,312K,118K,Oct jobs report showed 531K vs 450K expected. Big upside surprise. Sep was revised up by 118K.,0.0010419363446447,0.0,Oct
2021-11-05 00:00:00-04:00,unemployment,4.6%,4.7%,-0.1%,-0.2%,,,"Unemployment ticked down to 4.6% (vs 4.8% last month). Market expected 4.7%, positive surprise (-0.1pp vs forecast).",0.0010419363446447,0.0,Oct
2021-11-10 00:00:00-05:00,cpi,6.2%,5.8%,+0.4pp,+0.8pp,,,Headline CPI rose to 6.2% (vs 5.4% last month). This was a negative surprise for markets (+0.4pp vs forecast).,0.0004081772831303,0.0073647496298661,Oct
2021-12-03 00:00:00-05:00,jobs,210K,550K,-340K,,546K,15K,Nov jobs report showed 210K vs 550K expected. Significant downside surprise. Oct was revised up by 15K.,0.0120401965491989,0.0207763353868748,Nov
2021-12-03 00:00:00-05:00,unemployment,4.2%,4.5%,-0.3%,-0.4%,,,"Unemployment ticked down to 4.2% (vs 4.6% last month). Market expected 4.5%, positive surprise (-0.3pp vs forecast).",0.0120401965491989,0.0207763353868748,Nov
2021-12-10 00:00:00-05:00,cpi,6.8%,6.8%,+0.0pp,+0.6pp,,,Headline CPI rose to 6.8% (vs 6.2% last month). CPI was exactly in line with expectations.,-0.0088531575389099,-0.0070652565002025,Nov
2021-12-15 00:00:00-05:00,fed,0.25%,0.25%,+0.00%,+0.00%,,,"The Federal Reserve held rates steady to 0.25% (vs 0.25% previously). Market expected 0.25%, in line with expectations.",-0.0091708349386137,-0.0099197219126518,
2022-01-07 00:00:00-05:00,jobs,199K,400K,-201K,,249K,39K,Dec jobs report showed 199K vs 400K expected. Significant downside surprise. Nov was revised up by 39K.,-0.0018797579571374,0.0098666829339313,Dec
2022-01-07 00:00:00-05:00,unemployment,3.9%,4.1%,-0.2%,-0.3%,,,"Unemployment ticked down to 3.9% (vs 4.2% last month). Market expected 4.1%, positive surprise (-0.2pp vs forecast).",-0.0018797579571374,0.0098666829339313,Dec
2022-01-12 00:00:00-05:00,cpi,7.0%,7.0%,+0.0pp,+0.2pp,,,Headline CPI rose to 7.0% (vs 6.8% last month). CPI was exactly in line with expectations.,-0.013718773131611,0.0003430931229249,Dec
2022-01-26 00:00:00-05:00,fed,0.25%,0.25%,+0.00%,+0.00%,,,"The Federal Reserve held rates steady to 0.25% (vs 0.25% previously). Market expected 0.25%, in line with expectations.",-0.0052130073839745,0.0244482736903433,
2022-02-04 00:00:00-05:00,jobs,467K,150K,317K,,510K,311K,Jan jobs report showed 467K vs 150K expected. Big upside surprise. Dec was revised up by 311K.,-0.003548929145642,0.0079468154302657,Jan
2022-02-04 00:00:00-05:00,unemployment,4.0%,3.9%,+0.1%,+0.1%,,,"Unemployment ticked up to 4.0% (vs 3.9% last month). Market expected 3.9%, negative surprise (+0.1pp vs forecast).",-0.003548929145642,0.0079468154302657,Jan
2022-02-10 00:00:00-05:00,cpi,7.5%,7.3%,+0.2pp,+0.5pp,,,Headline CPI rose to 7.5% (vs 7.0% last month). This was a negative surprise for markets (+0.2pp vs forecast).,-0.0200052863547764,-0.0032553750371464,Jan
2022-03-04 00:00:00-05:00,jobs,678K,400K,278K,,481K,14K,Feb jobs report showed 678K vs 400K expected. Big upside surprise. Jan was revised up by 14K.,-0.0293812401675639,-0.007455075433023,Feb
2022-03-04 00:00:00-05:00,unemployment,3.8%,3.9%,-0.1%,-0.2%,,,"Unemployment ticked down to 3.8% (vs 4.0% last month). Market expected 3.9%, positive surprise (-0.1pp vs forecast).",-0.0293812401675639,-0.007455075433023,Feb
2022-03-10 00:00:00-05:00,cpi,7.9%,7.9%,+0.0pp,+0.4pp,,,Headline CPI rose to 7.9% (vs 7.5% last month). CPI was exactly in line with expectations.,-0.0124724300083319,-0.0075590906827432,Feb
2022-03-16 00:00:00-04:00,fed,0.50%,0.50%,+0.00%,+0.25%,,,"The Federal Reserve raised rates to 0.50% (vs 0.25% previously). Market expected 0.50%, in line with expectations.",0.0124337679692916,0.0107007056572563,
2022-04-01 00:00:00-04:00,jobs,431K,490K,-59K,,750K,72K,Mar jobs report showed 431K vs 490K expected. Significant downside surprise. Feb was revised up by 72K.,0.0088170798176416,-0.0128812798813443,Mar
2022-04-01 00:00:00-04:00,unemployment,3.6%,3.7%,-0.1%,-0.2%,,,"Unemployment ticked down to 3.6% (vs 3.8% last month). Market expected 3.7%, positive surprise (-0.1pp vs forecast).",0.0088170798176416,-0.0128812798813443,Mar
2022-04-12 00:00:00-04:00,cpi,8.5%,8.4%,+0.1pp,+0.6pp,,,Headline CPI rose to 8.5% (vs 7.9% last month). This was a negative surprise for markets (+0.1pp vs forecast).,0.0117031791504289,-0.0123540635953435,Mar
2022-05-04 00:00:00-04:00,fed,1.00%,1.00%,+0.00%,+0.50%,,,"The Federal Reserve raised rates to 1.00% (vs 0.50% previously). Market expected 1.00%, in line with expectations.",-0.0354970073984721,-0.0053918958983663,
2022-05-06 00:00:00-04:00,jobs,428K,391K,37K,,428K,-3K,Apr jobs report showed 428K vs 391K expected. Slight upside beat. Mar was revised down by 3K.,-0.0321626351764696,0.0019752823041661,Apr
2022-05-06 00:00:00-04:00,unemployment,3.6%,3.5%,+0.1%,+0.0%,,,"Unemployment was unchanged to 3.6% (vs 3.6% last month). Market expected 3.5%, negative surprise (+0.1pp vs forecast).",-0.0321626351764696,0.0019752823041661,Apr
2022-05-11 00:00:00-04:00,cpi,8.3%,8.1%,+0.2pp,-0.2pp,,,Headline CPI declined to 8.3% (vs 8.5% last month). This was a negative surprise for markets (+0.2pp vs forecast).,-0.0014704431427433,0.0243771686474258,Apr
2022-06-03 00:00:00-04:00,jobs,390K,325K,65K,,436K,8K,May jobs report showed 390K vs 325K expected. Big upside surprise. Apr was revised up by 8K.,0.0030067440501748,0.0092838593699176,May
2022-06-03 00:00:00-04:00,unemployment,3.6%,3.5%,+0.1%,+0.0%,,,"Unemployment was unchanged to 3.6% (vs 3.6% last month). Market expected 3.5%, negative surprise (+0.1pp vs forecast).",0.0030067440501748,0.0092838593699176,May
2022-06-10 00:00:00-04:00,cpi,8.6%,8.3%,+0.3pp,+0.3pp,,,Headline CPI rose to 8.6% (vs 8.3% last month). This was a negative surprise for markets (+0.3pp vs forecast).,-0.0384486241576548,-0.0026658376013571,May
2022-06-15 00:00:00-04:00,fed,1.75%,1.50%,+0.25%,+0.75%,,,"The Federal Reserve raised rates to 1.75% (vs 1.00% previously). Market expected 1.50%, hawkish surprise (+0.25pp vs forecast).",-0.0328624980459223,0.0018255182465698,
2022-07-08 00:00:00-04:00,jobs,372K,268K,104K,,384K,-6K,Jun jobs report showed 372K vs 268K expected. Big upside surprise. May was revised down by 6K.,-0.0113902029544902,-0.0089844539164114,Jun
2022-07-08 00:00:00-04:00,unemployment,3.6%,3.6%,+0.0%,+0.0%,,,"Unemployment was unchanged to 3.6% (vs 3.6% last month). Market expected 3.6%, in line with expectations.",-0.0113902029544902,-0.0089844539164114,Jun
2022-07-13 00:00:00-04:00,cpi,9.1%,8.8%,+0.3pp,+0.5pp,,,Headline CPI rose to 9.1% (vs 8.6% last month). This was a negative surprise for markets (+0.3pp vs forecast).,-0.0024159555013459,0.0190849208929217,Jun
2022-07-27 00:00:00-04:00,fed,2.50%,2.50%,+0.00%,+0.75%,,,"The Federal Reserve raised rates to 2.50% (vs 1.75% previously). Market expected 2.50%, in line with expectations.",0.0127019557823129,0.0148698117184509,
2022-08-05 00:00:00-04:00,jobs,528K,250K,278K,,398K,26K,Jul jobs report showed 528K vs 250K expected. Big upside surprise. Jun was revised up by 26K.,-0.0008662477651445,-0.0041905198340584,Jul
2022-08-05 00:00:00-04:00,unemployment,3.5%,3.6%,-0.1%,-0.1%,,,"Unemployment ticked down to 3.5% (vs 3.6% last month). Market expected 3.6%, positive surprise (-0.1pp vs forecast).",-0.0008662477651445,-0.0041905198340584,Jul
2022-08-10 00:00:00-04:00,cpi,8.5%,8.7%,-0.2pp,-0.6pp,,,Headline CPI declined to 8.5% (vs 9.1% last month). This was a positive surprise for markets (-0.2pp vs forecast).,0.0003553026001374,0.0164574139861481,Jul
2022-09-02 00:00:00-04:00,jobs,315K,300K,15K,,526K,-2K,Aug jobs report showed 315K vs 300K expected. Slight upside beat. Jul was revised down by 2K.,-0.003981994221509,0.0181051614925187,Aug
2022-09-02 00:00:00-04:00,unemployment,3.7%,3.5%,+0.2%,+0.2%,,,"Unemployment ticked up to 3.7% (vs 3.5% last month). Market expected 3.5%, negative surprise (+0.2pp vs forecast).",-0.003981994221509,0.0181051614925187,Aug
2022-09-13 00:00:00-04:00,cpi,8.3%,8.1%,+0.2pp,-0.2pp,,,Headline CPI declined to 8.3% (vs 8.5% last month). This was a negative surprise for markets (+0.2pp vs forecast).,0.0038214271401477,-0.0115466864308444,Aug
2022-09-21 00:00:00-04:00,fed,3.25%,3.25%,+0.00%,+0.75%,,,"The Federal Reserve raised rates to 3.25% (vs 2.50% previously). Market expected 3.25%, in line with expectations.",-0.0084534019377379,-0.0166009831646122,
2022-10-07 00:00:00-04:00,jobs,263K,250K,13K,,315K,0K,Sep jobs report showed 263K vs 250K expected. Slight upside beat. Aug was unchanged.,-0.0074383005523278,-0.0068579457150882,Sep
2022-10-07 00:00:00-04:00,unemployment,3.5%,3.7%,-0.2%,-0.2%,,,"Unemployment ticked down to 3.5% (vs 3.7% last month). Market expected 3.7%, positive surprise (-0.2pp vs forecast).",-0.0074383005523278,-0.0068579457150882,Sep
2022-10-13 00:00:00-04:00,cpi,8.2%,8.1%,+0.1pp,-0.1pp,,,Headline CPI declined to 8.2% (vs 8.3% last month). This was a negative surprise for markets (+0.1pp vs forecast).,-0.0229108904729967,0.0257316200502593,Sep
2022-11-02 00:00:00-04:00,fed,4.00%,4.00%,+0.00%,+0.75%,,,"The Federal Reserve raised rates to 4.00% (vs 3.25% previously). Market expected 4.00%, in line with expectations.",-0.0100439749358478,0.0141449298392997,
2022-11-04 00:00:00-04:00,jobs,261K,200K,61K,,315K,52K,Oct jobs report showed 261K vs 200K expected. Big upside surprise. Sep was revised up by 52K.,0.0097660474542782,0.0,Oct
2022-11-04 00:00:00-04:00,unemployment,3.7%,3.6%,+0.1%,+0.2%,,,"Unemployment ticked up to 3.7% (vs 3.5% last month). Market expected 3.6%, negative surprise (+0.1pp vs forecast).",0.0097660474542782,0.0,Oct
2022-11-10 00:00:00-05:00,cpi,7.7%,8.0%,-0.3pp,-0.5pp,,,Headline CPI declined to 7.7% (vs 8.2% last month). This was a positive surprise for markets (-0.3pp vs forecast).,0.0096378856915311,-0.0083963231529148,Oct
2022-12-02 00:00:00-05:00,jobs,263K,200K,63K,,284K,23K,Nov jobs report showed 263K vs 200K expected. Big upside surprise. Oct was revised up by 23K.,-0.018007868912898,-0.0143017355579299,Nov
2022-12-02 00:00:00-05:00,unemployment,3.7%,3.7%,+0.0%,+0.0%,,,"Unemployment was unchanged to 3.7% (vs 3.7% last month). Market expected 3.7%, in line with expectations.",-0.018007868912898,-0.0143017355579299,Nov
2022-12-13 00:00:00-05:00,cpi,7.1%,7.3%,-0.2pp,-0.6pp,,,Headline CPI declined to 7.1% (vs 7.7% last month). This was a positive surprise for markets (-0.2pp vs forecast).,-0.0059950260282702,-0.0247747437588077,Nov
2022-12-14 00:00:00-05:00,fed,4.50%,4.50%,+0.00%,+0.50%,,,"The Federal Reserve raised rates to 4.50% (vs 4.00% previously). Market expected 4.50%, in line with expectations.",-0.0247747437588077,-0.0122145248716273,
2023-01-06 00:00:00-05:00,jobs,223K,200K,23K,,256K,-7K,Dec jobs report showed 223K vs 200K expected. Slight upside beat. Nov was revised down by 7K.,-0.0006926684235682,0.0071877019958097,Dec
2023-01-06 00:00:00-05:00,unemployment,3.5%,3.7%,-0.2%,-0.2%,,,"Unemployment ticked down to 3.5% (vs 3.7% last month). Market expected 3.7%, positive surprise (-0.2pp vs forecast).",-0.0006926684235682,0.0071877019958097,Dec
2023-01-12 00:00:00-05:00,cpi,6.5%,6.5%,+0.0pp,-0.6pp,,,Headline CPI declined to 6.5% (vs 7.1% last month). CPI was exactly in line with expectations.,0.0039365979340155,-0.0018480173763399,Dec
2023-02-01 00:00:00-05:00,fed,4.75%,4.75%,+0.00%,+0.25%,,,"The Federal Reserve raised rates to 4.75% (vs 4.50% previously). Market expected 4.75%, in line with expectations.",0.014515227305037,-0.0102948095141834,
2023-02-03 00:00:00-05:00,jobs,517K,185K,332K,,260K,37K,Jan jobs report showed 517K vs 185K expected. Big upside surprise. Dec was revised up by 37K.,-0.0061542313107108,0.0129188210514998,Jan
2023-02-03 00:00:00-05:00,unemployment,3.4%,3.6%,-0.2%,-0.1%,,,"Unemployment ticked down to 3.4% (vs 3.5% last month). Market expected 3.6%, positive surprise (-0.2pp vs forecast).",-0.0061542313107108,0.0129188210514998,Jan
2023-02-14 00:00:00-05:00,cpi,6.4%,6.2%,+0.2pp,-0.1pp,,,Headline CPI declined to 6.4% (vs 6.5% last month). This was a negative surprise for markets (+0.2pp vs forecast).,0.0031841915064729,-0.0134653918008555,Jan
2023-03-10 00:00:00-05:00,jobs,311K,205K,106K,,504K,-13K,Feb jobs report showed 311K vs 205K expected. Big upside surprise. Jan was revised down by 13K.,-0.0020881259261422,0.0168183187874542,Feb
2023-03-10 00:00:00-05:00,unemployment,3.6%,3.4%,+0.2%,+0.2%,,,"Unemployment ticked up to 3.6% (vs 3.4% last month). Market expected 3.4%, negative surprise (+0.2pp vs forecast).",-0.0020881259261422,0.0168183187874542,Feb
2023-03-14 00:00:00-04:00,cpi,6.0%,6.0%,+0.0pp,-0.4pp,,,Headline CPI declined to 6.0% (vs 6.4% last month). CPI was exactly in line with expectations.,-0.0061485044173013,0.017205358409055,Feb
2023-03-22 00:00:00-04:00,fed,5.00%,5.00%,+0.00%,+0.25%,,,"The Federal Reserve raised rates to 5.00% (vs 4.75% previously). Market expected 5.00%, in line with expectations.",0.0025340638022071,0.0066101673148999,
2023-04-07 00:00:00-04:00,jobs,236K,239K,-3K,,326K,15K,Mar jobs report showed 236K vs 239K expected. Slight downside miss. Feb was revised up by 15K.,0.0011434961634679,-2.441591057067427e-05,Mar
2023-04-07 00:00:00-04:00,unemployment,3.5%,3.6%,-0.1%,-0.1%,,,"Unemployment ticked down to 3.5% (vs 3.6% last month). Market expected 3.6%, positive surprise (-0.1pp vs forecast).",0.0011434961634679,-2.441591057067427e-05,Mar
2023-04-12 00:00:00-04:00,cpi,5.0%,5.2%,-0.2pp,-1.0pp,,,Headline CPI declined to 5.0% (vs 6.0% last month). This was a positive surprise for markets (-0.2pp vs forecast).,0.0130264718116133,-0.0024560908816573,Mar
2023-05-03 00:00:00-04:00,fed,5.25%,5.25%,+0.00%,+0.25%,,,"The Federal Reserve raised rates to 5.25% (vs 5.00% previously). Market expected 5.25%, in line with expectations.",-0.0069802792065561,0.0182864865082443,
2023-05-05 00:00:00-04:00,jobs,253K,180K,73K,,165K,-71K,Apr jobs report showed 253K vs 180K expected. Big upside surprise. Mar was revised down by 71K.,0.0005309092329934,-0.0040771096603611,Apr
2023-05-05 00:00:00-04:00,unemployment,3.4%,3.6%,-0.2%,-0.1%,,,"Unemployment ticked down to 3.4% (vs 3.5% last month). Market expected 3.6%, positive surprise (-0.2pp vs forecast).",0.0005309092329934,-0.0040771096603611,Apr
2023-05-10 00:00:00-04:00,cpi,4.9%,5.0%,-0.1pp,-0.1pp,,,Headline CPI declined to 4.9% (vs 5.0% last month). This was a positive surprise for markets (-0.1pp vs forecast).,-0.0014955145957392,-0.0013044295979298,Apr
2023-06-02 00:00:00-04:00,jobs,339K,180K,159K,,294K,41K,May jobs report showed 339K vs 180K expected. Big upside surprise. Apr was revised up by 41K.,-0.0017218905652003,0.0021209516462075,May
2023-06-02 00:00:00-04:00,unemployment,3.7%,3.5%,+0.2%,+0.3%,,,"Unemployment ticked up to 3.7% (vs 3.4% last month). Market expected 3.5%, negative surprise (+0.2pp vs forecast).",-0.0017218905652003,0.0021209516462075,May
2023-06-13 00:00:00-04:00,cpi,4.0%,4.1%,-0.1pp,-0.9pp,,,Headline CPI declined to 4.0% (vs 4.9% last month). This was a positive surprise for markets (-0.1pp vs forecast).,0.0011663439028,0.0123572328472882,May
2023-06-14 00:00:00-04:00,fed,5.25%,5.25%,+0.00%,+0.00%,,,"The Federal Reserve held rates steady to 5.25% (vs 5.25% previously). Market expected 5.25%, in line with expectations.",0.0123572328472882,-0.0035649271522278,
2023-07-07 00:00:00-04:00,jobs,209K,225K,-16K,,306K,-33K,Jun jobs report showed 209K vs 225K expected. Slight downside miss. May was revised down by 33K.,0.002654285225476,0.0067198713608185,Jun
2023-07-07 00:00:00-04:00,unemployment,3.6%,3.6%,+0.0%,-0.1%,,,"Unemployment ticked down to 3.6% (vs 3.7% last month). Market expected 3.6%, in line with expectations.",0.002654285225476,0.0067198713608185,Jun
2023-07-12 00:00:00-04:00,cpi,3.0%,3.1%,-0.1pp,-1.0pp,,,Headline CPI declined to 3.0% (vs 4.0% last month). This was a positive surprise for markets (-0.1pp vs forecast).,0.0085215330635231,-0.0009953573140394,Jun
2023-07-26 00:00:00-04:00,fed,5.50%,5.50%,+0.00%,+0.25%,,,"The Federal Reserve raised rates to 5.50% (vs 5.25% previously). Market expected 5.50%, in line with expectations.",-0.0064645710254276,0.0094521795314372,
2023-08-04 00:00:00-04:00,jobs,187K,200K,-13K,,185K,-24K,Jul jobs report showed 187K vs 200K expected. Slight downside miss. Jun was revised down by 24K.,0.0088399853383493,-0.0041936380274183,Jul
2023-08-04 00:00:00-04:00,unemployment,3.5%,3.6%,-0.1%,-0.1%,,,"Unemployment ticked down to 3.5% (vs 3.6% last month). Market expected 3.6%, positive surprise (-0.1pp vs forecast).",0.0088399853383493,-0.0041936380274183,Jul
2023-08-10 00:00:00-04:00,cpi,3.2%,3.3%,-0.1pp,+0.2pp,,,Headline CPI rose to 3.2% (vs 3.0% last month). This was a positive surprise for markets (-0.1pp vs forecast).,-0.0006022772523102,0.0053567707117976,Jul
2023-09-01 00:00:00-04:00,jobs,187K,170K,17K,,157K,-30K,Aug jobs report showed 187K vs 170K expected. Slight upside beat. Jul was revised down by 30K.,-0.0042985007360947,-0.0069516374166495,Aug
2023-09-01 00:00:00-04:00,unemployment,3.8%,3.5%,+0.3%,+0.3%,,,"Unemployment ticked up to 3.8% (vs 3.5% last month). Market expected 3.5%, negative surprise (+0.3pp vs forecast).",-0.0042985007360947,-0.0069516374166495,Aug
2023-09-13 00:00:00-04:00,cpi,3.7%,3.6%,+0.1pp,+0.5pp,,,Headline CPI rose to 3.7% (vs 3.2% last month). This was a negative surprise for markets (+0.1pp vs forecast).,0.0089332982217964,-0.0128950281306428,Aug
2023-09-20 00:00:00-04:00,fed,5.50%,5.50%,+0.00%,+0.00%,,,"The Federal Reserve held rates steady to 5.50% (vs 5.50% previously). Market expected 5.50%, in line with expectations.",-0.0163809878901481,-0.0023888596808169,
2023-10-06 00:00:00-04:00,jobs,336K,170K,166K,,227K,40K,Sep jobs report showed 336K vs 170K expected. Big upside surprise. Aug was revised up by 40K.,0.0065834588603737,0.00522811686953,Sep
2023-10-06 00:00:00-04:00,unemployment,3.8%,3.7%,+0.1%,+0.0%,,,"Unemployment was unchanged to 3.8% (vs 3.8% last month). Market expected 3.7%, negative surprise (+0.1pp vs forecast).",0.0065834588603737,0.00522811686953,Sep
2023-10-12 00:00:00-04:00,cpi,3.7%,3.6%,+0.1pp,+0.0pp,,,Headline CPI remained flat to 3.7% (vs 3.7% last month). This was a negative surprise for markets (+0.1pp vs forecast).,-0.0052559296969459,0.0104059470960775,Sep
2023-11-01 00:00:00-04:00,fed,5.50%,5.50%,+0.00%,+0.00%,,,"The Federal Reserve held rates steady to 5.50% (vs 5.50% previously). Market expected 5.50%, in line with expectations.",0.0192683668576787,0.0089667682531566,
2023-11-03 00:00:00-04:00,jobs,150K,180K,-30K,,297K,-39K,Oct jobs report showed 150K vs 180K expected. Slight downside miss. Sep was revised down by 39K.,0.0024050980232424,0.0,Oct
2023-11-03 00:00:00-04:00,unemployment,3.9%,3.8%,+0.1%,+0.1%,,,"Unemployment ticked up to 3.9% (vs 3.8% last month). Market expected 3.8%, negative surprise (+0.1pp vs forecast).",0.0024050980232424,0.0,Oct
2023-11-14 00:00:00-05:00,cpi,3.2%,3.3%,-0.1pp,-0.5pp,,,Headline CPI declined to 3.2% (vs 3.7% last month). This was a positive surprise for markets (-0.1pp vs forecast).,0.0020184916210101,0.001239635830166,Oct
2023-12-08 00:00:00-05:00,jobs,199K,180K,19K,,150K,0K,Nov jobs report showed 199K vs 180K expected. Slight upside beat. Oct was unchanged.,0.0038929998263452,0.0049553827688775,Nov
2023-12-08 00:00:00-05:00,unemployment,3.7%,3.9%,-0.2%,-0.2%,,,"Unemployment ticked down to 3.7% (vs 3.9% last month). Market expected 3.9%, positive surprise (-0.2pp vs forecast).",0.0038929998263452,0.0049553827688775,Nov
2023-12-12 00:00:00-05:00,cpi,3.1%,3.1%,+0.0pp,-0.1pp,,,Headline CPI declined to 3.1% (vs 3.2% last month). CPI was exactly in line with expectations.,0.0136992368266788,0.0031300028904028,Nov
2023-12-13 00:00:00-05:00,fed,5.50%,5.50%,+0.00%,+0.00%,,,"The Federal Reserve held rates steady to 5.50% (vs 5.50% previously). Market expected 5.50%, in line with expectations.",0.0031300028904028,-0.0016866606478047,
2024-01-05 00:00:00-05:00,jobs,216K,170K,46K,,173K,-26K,Dec jobs report showed 216K vs 170K expected. Slight upside beat. Nov was revised down by 26K.,0.0137624473988871,-0.0009441633449612,Dec
2024-01-05 00:00:00-05:00,unemployment,3.7%,3.8%,-0.1%,+0.0%,,,"Unemployment was unchanged to 3.7% (vs 3.7% last month). Market expected 3.8%, positive surprise (-0.1pp vs forecast).",0.0137624473988871,-0.0009441633449612,Dec
2024-01-11 00:00:00-05:00,cpi,3.4%,3.2%,+0.2pp,+0.3pp,,,Headline CPI rose to 3.4% (vs 3.1% last month). This was a negative surprise for markets (+0.2pp vs forecast).,0.0008567129813774,-0.0034657719921326,Dec
2024-01-31 00:00:00-05:00,fed,5.50%,5.50%,+0.00%,+0.00%,,,"The Federal Reserve held rates steady to 5.50% (vs 5.50% previously). Market expected 5.50%, in line with expectations.",0.0132728652852704,0.0103123213172866,
2024-02-02 00:00:00-05:00,jobs,353K,187K,166K,,333K,117K,Jan jobs report showed 353K vs 187K expected. Big upside surprise. Dec was revised up by 117K.,-0.0033419847638231,0.0027068738562201,Jan
2024-02-02 00:00:00-05:00,unemployment,3.7%,3.8%,-0.1%,+0.0%,,,"Unemployment was unchanged to 3.7% (vs 3.7% last month). Market expected 3.8%, positive surprise (-0.1pp vs forecast).",-0.0033419847638231,0.0027068738562201,Jan
2024-02-13 00:00:00-05:00,cpi,3.1%,2.9%,+0.2pp,-0.3pp,,,Headline CPI declined to 3.1% (vs 3.4% last month). This was a negative surprise for markets (+0.2pp vs forecast).,0.0089203650004336,0.0065861280605707,Jan
2024-03-08 00:00:00-05:00,jobs,275K,198K,77K,,229K,-124K,Feb jobs report showed 275K vs 198K expected. Big upside surprise. Jan was sharply revised down by 124K.,-0.0004861379859578,0.0104273179659519,Feb
2024-03-08 00:00:00-05:00,unemployment,3.9%,3.7%,+0.2%,+0.2%,,,"Unemployment ticked up to 3.9% (vs 3.7% last month). Market expected 3.7%, negative surprise (+0.2pp vs forecast).",-0.0004861379859578,0.0104273179659519,Feb
2024-03-12 00:00:00-04:00,cpi,3.2%,3.1%,+0.1pp,+0.1pp,,,Headline CPI rose to 3.2% (vs 3.1% last month). This was a negative surprise for markets (+0.1pp vs forecast).,-0.0015979649798519,-0.0021790492773547,Feb
2024-03-20 00:00:00-04:00,fed,5.50%,5.50%,+0.00%,+0.00%,,,"The Federal Reserve held rates steady to 5.50% (vs 5.50% previously). Market expected 5.50%, in line with expectations.",0.0030880084178932,-0.0013341949590165,
2024-04-05 00:00:00-04:00,jobs,303K,212K,91K,,270K,-5K,Mar jobs report showed 303K vs 212K expected. Big upside surprise. Feb was revised down by 5K.,0.0002686028625085,0.0012472686970923,Mar
2024-04-05 00:00:00-04:00,unemployment,3.8%,3.9%,-0.1%,-0.1%,,,"Unemployment ticked down to 3.8% (vs 3.9% last month). Market expected 3.9%, positive surprise (-0.1pp vs forecast).",0.0002686028625085,0.0012472686970923,Mar
2024-04-10 00:00:00-04:00,cpi,3.5%,3.4%,+0.1pp,+0.3pp,,,Headline CPI rose to 3.5% (vs 3.2% last month). This was a negative surprise for markets (+0.1pp vs forecast).,0.0074896545487288,-0.0139841608764397,Mar
2024-05-01 00:00:00-04:00,fed,5.50%,5.50%,+0.00%,+0.00%,,,"The Federal Reserve held rates steady to 5.50% (vs 5.50% previously). Market expected 5.50%, in line with expectations.",0.0091475599379968,0.0125725356823003,
2024-05-03 00:00:00-04:00,jobs,175K,238K,-63K,,315K,12K,Apr jobs report showed 175K vs 238K expected. Significant downside surprise. Mar was revised up by 12K.,0.0104117382959276,0.0012905365731215,Apr
2024-05-03 00:00:00-04:00,unemployment,3.9%,3.8%,+0.1%,+0.1%,,,"Unemployment ticked up to 3.9% (vs 3.8% last month). Market expected 3.8%, negative surprise (+0.1pp vs forecast).",0.0104117382959276,0.0012905365731215,Apr
2024-05-15 00:00:00-04:00,cpi,3.4%,3.4%,+0.0pp,-0.1pp,,,Headline CPI declined to 3.4% (vs 3.5% last month). CPI was exactly in line with expectations.,-0.0023473147015835,0.0016942159283632,Apr
2024-06-07 00:00:00-04:00,jobs,272K,182K,90K,,165K,-10K,May jobs report showed 272K vs 182K expected. Big upside surprise. Apr was revised down by 10K.,0.0029812943291931,0.0024797362172097,May
2024-06-07 00:00:00-04:00,unemployment,4.0%,3.9%,+0.1%,+0.1%,,,"Unemployment ticked up to 4.0% (vs 3.9% last month). Market expected 3.9%, negative surprise (+0.1pp vs forecast).",0.0029812943291931,0.0024797362172097,May
2024-06-12 00:00:00-04:00,cpi,3.3%,3.4%,-0.1pp,-0.1pp,,,Headline CPI declined to 3.3% (vs 3.4% last month). This was a positive surprise for markets (-0.1pp vs forecast).,0.0021011259224927,0.000349605146479,May
2024-06-12 00:00:00-04:00,fed,5.50%,5.50%,+0.00%,+0.00%,,,"The Federal Reserve held rates steady to 5.50% (vs 5.50% previously). Market expected 5.50%, in line with expectations.",0.0021011259224927,0.000349605146479,
2024-07-05 00:00:00-04:00,jobs,206K,191K,15K,,218K,-54K,Jun jobs report showed 206K vs 191K expected. Slight upside beat. May was revised down by 54K.,0.0011653076217996,0.0009312718081586,Jun
2024-07-05 00:00:00-04:00,unemployment,4.1%,4.0%,+0.1%,+0.1%,,,"Unemployment ticked up to 4.1% (vs 4.0% last month). Market expected 4.0%, negative surprise (+0.1pp vs forecast).",0.0011653076217996,0.0009312718081586,Jun
2024-07-11 00:00:00-04:00,cpi,3.0%,3.1%,-0.1pp,-0.3pp,,,Headline CPI declined to 3.0% (vs 3.3% last month). This was a positive surprise for markets (-0.1pp vs forecast).,0.0063990618277747,0.002788313347344,Jun
2024-07-31 00:00:00-04:00,fed,5.50%,5.50%,+0.00%,+0.00%,,,"The Federal Reserve held rates steady to 5.50% (vs 5.50% previously). Market expected 5.50%, in line with expectations.",-0.0131388428412086,-0.0188260776357301,
2024-08-02 00:00:00-04:00,jobs,114K,176K,-62K,,179K,-27K,Jul jobs report showed 114K vs 176K expected. Significant downside surprise. Jun was revised down by 27K.,-0.0290984082683113,0.0094967528605751,Jul
2024-08-02 00:00:00-04:00,unemployment,4.3%,4.1%,+0.2%,+0.2%,,,"Unemployment ticked up to 4.3% (vs 4.1% last month). Market expected 4.1%, negative surprise (+0.2pp vs forecast).",-0.0290984082683113,0.0094967528605751,Jul
2024-08-14 00:00:00-04:00,cpi,2.9%,3.0%,-0.1pp,-0.1pp,,,Headline CPI declined to 2.9% (vs 3.0% last month). This was a positive surprise for markets (-0.1pp vs forecast).,0.0171174817463199,0.0022654133545028,Jul
2024-09-06 00:00:00-04:00,jobs,142K,164K,-22K,,89K,-25K,Aug jobs report showed 142K vs 164K expected. Slight downside miss. Jul was revised down by 25K.,0.011226104958331,0.003694600001644,Aug
2024-09-06 00:00:00-04:00,unemployment,4.2%,4.2%,+0.0%,-0.1%,,,"Unemployment ticked down to 4.2% (vs 4.3% last month). Market expected 4.2%, in line with expectations.",0.011226104958331,0.003694600001644,Aug
2024-09-11 00:00:00-04:00,cpi,2.5%,2.5%,+0.0pp,-0.4pp,,,Headline CPI declined to 2.5% (vs 2.9% last month). CPI was exactly in line with expectations.,0.0084670251513467,0.0051231215459459,Aug
2024-09-18 00:00:00-04:00,fed,5.00%,5.25%,-0.25%,-0.50%,,,"The Federal Reserve cut rates to 5.00% (vs 5.50% previously). Market expected 5.25%, dovish surprise (-0.25pp vs forecast).",0.0171475218229428,-0.0020899027793821,
2024-10-04 00:00:00-04:00,jobs,254K,147K,107K,,159K,17K,Sep jobs report showed 254K vs 147K expected. Big upside surprise. Aug was revised up by 17K.,-0.0089630352146158,0.0094822485734442,Sep
2024-10-04 00:00:00-04:00,unemployment,4.1%,4.2%,-0.1%,-0.1%,,,"Unemployment ticked down to 4.1% (vs 4.2% last month). Market expected 4.2%, positive surprise (-0.1pp vs forecast).",-0.0089630352146158,0.0094822485734442,Sep
2024-10-10 00:00:00-04:00,cpi,2.4%,2.3%,+0.1pp,-0.1pp,,,Headline CPI declined to 2.4% (vs 2.5% last month). This was a negative surprise for markets (+0.1pp vs forecast).,0.0060812908682892,0.0082425729214181,Sep
2024-11-01 00:00:00-04:00,jobs,12K,106K,-94K,,223K,-31K,Oct jobs report showed 12K vs 106K expected. Significant downside surprise. Sep was revised down by 31K.,-0.0020044379302092,0.0,Oct
2024-11-01 00:00:00-04:00,unemployment,4.1%,4.1%,+0.0%,+0.0%,,,"Unemployment was unchanged to 4.1% (vs 4.1% last month). Market expected 4.1%, in line with expectations.",-0.0020044379302092,0.0,Oct
2024-11-07 00:00:00-05:00,fed,4.75%,4.75%,+0.00%,-0.25%,,,"The Federal Reserve cut rates to 4.75% (vs 5.00% previously). Market expected 4.75%, in line with expectations.",0.0043775801088097,0.0007650521080251,
2024-11-13 00:00:00-05:00,cpi,2.6%,2.6%,+0.0pp,+0.2pp,,,Headline CPI rose to 2.6% (vs 2.4% last month). CPI was exactly in line with expectations.,-0.0066143704164494,-0.0126966091552488,Oct
2024-12-06 00:00:00-05:00,jobs,227K,202K,25K,,36K,24K,Nov jobs report showed 227K vs 202K expected. Slight upside beat. Oct was revised up by 24K.,-0.0051569125077477,-0.0028961874606928,Nov
2024-12-06 00:00:00-05:00,unemployment,4.2%,4.2%,+0.0%,+0.1%,,,"Unemployment ticked up to 4.2% (vs 4.1% last month). Market expected 4.2%, in line with expectations.",-0.0051569125077477,-0.0028961874606928,Nov
2024-12-11 00:00:00-05:00,cpi,2.7%,2.7%,+0.0pp,+0.1pp,,,Headline CPI rose to 2.7% (vs 2.6% last month). CPI was exactly in line with expectations.,-0.0053064092775708,-0.0001812369063691,Nov
2024-12-18 00:00:00-05:00,fed,4.50%,4.50%,+0.00%,-0.25%,,,"The Federal Reserve cut rates to 4.50% (vs 4.75% previously). Market expected 4.50%, in line with expectations.",-0.0007321692320129,0.0110765090848807,
2025-01-10 00:00:00-05:00,jobs,256K,164K,92K,,212K,-15K,Dec jobs report showed 256K vs 164K expected. Big upside surprise. Nov was revised down by 15K.,0.0014570423608823,0.0013865866429516,Dec
2025-01-10 00:00:00-05:00,unemployment,4.1%,4.2%,-0.1%,-0.1%,,,"Unemployment ticked down to 4.1% (vs 4.2% last month). Market expected 4.2%, positive surprise (-0.1pp vs forecast).",0.0014570423608823,0.0013865866429516,Dec
2025-01-15 00:00:00-05:00,cpi,2.9%,2.9%,+0.0pp,+0.2pp,,,Headline CPI rose to 2.9% (vs 2.7% last month). CPI was exactly in line with expectations.,-0.0016955583876728,0.0094849778492427,Dec
2025-01-29 00:00:00-05:00,fed,4.50%,4.50%,+0.00%,+0.00%,,,"The Federal Reserve held rates steady to 4.50% (vs 4.50% previously). Market expected 4.50%, in line with expectations.",0.0050090457461235,-0.0053953456796471,
2025-02-07 00:00:00-05:00,jobs,143K,169K,-26K,,307K,51K,Jan jobs report showed 143K vs 169K expected. Slight downside miss. Dec was revised up by 51K.,0.0065418558751286,0.0007898441563507,Jan
2025-02-07 00:00:00-05:00,unemployment,4.0%,4.1%,-0.1%,-0.1%,,,"Unemployment ticked down to 4.0% (vs 4.1% last month). Market expected 4.1%, positive surprise (-0.1pp vs forecast).",0.0065418558751286,0.0007898441563507,Jan
2025-02-12 00:00:00-05:00,cpi,3.0%,2.9%,+0.1pp,+0.1pp,,,Headline CPI rose to 3.0% (vs 2.9% last month). This was a negative surprise for markets (+0.1pp vs forecast).,0.0106562461723254,1.643989634048104e-05,Jan
2025-03-07 00:00:00-05:00,jobs,151K,159K,-8K,,125K,-18K,Feb jobs report showed 151K vs 159K expected. Slight downside miss. Jan was revised down by 18K.,-0.0260497156598202,-0.0085191534344704,Feb
2025-03-07 00:00:00-05:00,unemployment,4.1%,4.0%,+0.1%,+0.1%,,,"Unemployment ticked up to 4.1% (vs 4.0% last month). Market expected 4.0%, negative surprise (+0.1pp vs forecast).",-0.0260497156598202,-0.0085191534344704,Feb
2025-03-12 00:00:00-04:00,cpi,2.8%,2.9%,-0.1pp,-0.2pp,,,Headline CPI declined to 2.8% (vs 3.0% last month). This was a positive surprise for markets (-0.1pp vs forecast).,-0.0132151463585991,0.0207559319091747,Feb
2025-03-19 00:00:00-04:00,fed,4.50%,4.50%,+0.00%,+0.00%,,,"The Federal Reserve held rates steady to 4.50% (vs 4.50% previously). Market expected 4.50%, in line with expectations.",-0.0022358856685581,-0.0002822861396208,
2025-04-04 00:00:00-04:00,jobs,228K,137K,91K,,117K,-34K,Mar jobs report showed 228K vs 137K expected. Big upside surprise. Feb was revised down by 34K.,-0.0024231091483452,-0.0149690383105188,Mar
2025-04-04 00:00:00-04:00,unemployment,4.2%,4.1%,+0.1%,+0.1%,,,"Unemployment ticked up to 4.2% (vs 4.1% last month). Market expected 4.1%, negative surprise (+0.1pp vs forecast).",-0.0024231091483452,-0.0149690383105188,Mar
2025-04-10 00:00:00-04:00,cpi,2.4%,2.5%,-0.1pp,-0.4pp,,,Headline CPI declined to 2.4% (vs 2.8% last month). This was a positive surprise for markets (-0.1pp vs forecast).,0.0188214608610519,0.008454710937068,Mar
2025-05-02 00:00:00-04:00,jobs,177K,138K,39K,,185K,-43K,Apr jobs report showed 177K vs 138K expected. Slight upside beat. Mar was revised down by 43K.,-0.0055678919663779,-0.0081777781622762,Apr
2025-05-02 00:00:00-04:00,unemployment,4.2%,4.2%,+0.0%,+0.0%,,,"Unemployment was unchanged to 4.2% (vs 4.2% last month). Market expected 4.2%, in line with expectations.",-0.0055678919663779,-0.0081777781622762,Apr
2025-05-07 00:00:00-04:00,fed,4.50%,4.50%,+0.00%,+0.00%,,,"The Federal Reserve held rates steady to 4.50% (vs 4.50% previously). Market expected 4.50%, in line with expectations.",0.0063146879210986,-0.0007756144318891,
2025-05-13 00:00:00-04:00,cpi,2.3%,2.4%,-0.1pp,-0.1pp,,,Headline CPI declined to 2.3% (vs 2.4% last month). This was a positive surprise for markets (-0.1pp vs forecast).,0.0005763069053772,0.004912849687233,Apr
2025-06-06 00:00:00-04:00,jobs,139K,126K,13K,,147K,-30K,May jobs report showed 139K vs 126K expected. Slight upside beat. Apr was revised down by 30K.,0.0009468630812592,0.0057420524769054,May
2025-06-06 00:00:00-04:00,unemployment,4.2%,4.2%,+0.0%,+0.0%,,,"Unemployment was unchanged to 4.2% (vs 4.2% last month). Market expected 4.2%, in line with expectations.",0.0009468630812592,0.0057420524769054,May
2025-06-11 00:00:00-04:00,cpi,2.4%,2.5%,-0.1pp,+0.1pp,,,Headline CPI rose to 2.4% (vs 2.3% last month). This was a positive surprise for markets (-0.1pp vs forecast).,0.0036405558714336,-0.0110799082063235,May
2025-06-18 00:00:00-04:00,fed,4.50%,4.50%,+0.00%,+0.00%,,,"The Federal Reserve held rates steady to 4.50% (vs 4.50% previously). Market expected 4.50%, in line with expectations.",-0.0032742340527274,0.0105085305089356,
2025-07-03 00:00:00-04:00,jobs,147K,111K,36K,,144K,5K,Jun jobs report showed 147K vs 111K expected. Slight upside beat. May was revised up by 5K.,-0.006908903542647,-0.000801500386808,Jun
2025-07-03 00:00:00-04:00,unemployment,4.1%,4.3%,-0.2%,-0.1%,,,"Unemployment ticked down to 4.1% (vs 4.2% last month). Market expected 4.3%, positive surprise (-0.2pp vs forecast).",-0.006908903542647,-0.000801500386808,Jun
2025-07-15 00:00:00-04:00,cpi,2.7%,2.6%,+0.1pp,+0.3pp,,,Headline CPI rose to 2.7% (vs 2.4% last month). This was a negative surprise for markets (+0.1pp vs forecast).,0.0036160735386778,0.0058668675580411,Jun
2025-07-30 00:00:00-04:00,fed,4.50%,4.50%,+0.00%,+0.00%,,,"The Federal Reserve held rates steady to 4.50% (vs 4.50% previously). Market expected 4.50%, in line with expectations.",-0.0040940303863182,-0.0161442740681252,
2025-08-01 00:00:00-04:00,jobs,73K,106K,-33K,,14K,-133K,Jul jobs report showed 73K vs 106K expected. Slight downside miss. Jun was sharply revised down by 133K.,0.015240467660309,-0.0048094168364333,Jul
2025-08-01 00:00:00-04:00,unemployment,4.2%,4.2%,+0.0%,+0.1%,,,"Unemployment ticked up to 4.2% (vs 4.1% last month). Market expected 4.2%, in line with expectations.",0.015240467660309,-0.0048094168364333,Jul
